"batch.scrambled","consignment.scrambled","country.export.scrambled","country.harvest.scrambled","tonnage","year.scrambled","numPos"
1,413,5,7,20,3,0
2,1917,5,7,17,4,0
3,1293,5,7,16,3,0
4,2565,3,8,15,2,0
5,1794,2,5,17,4,0
6,129,5,8,6,4,0
7,1318,5,7,16,4,0
8,25,5,7,8,3,0
9,1210,5,7,8,4,0
10,1345,2,5,3,2,0
11,262,3,1,16,2,0
12,2675,1,4,NA,1,0
13,2385,2,5,14,2,0
14,314,1,4,7,1,0
15,861,5,7,14,3,0
16,1096,2,6,18,4,0
17,924,3,8,10,4,0
18,378,5,7,0,2,0
19,852,2,5,18,2,0
20,1999,4,3,15,1,0
21,1641,5,7,16,2,0
22,91,2,5,15,1,0
23,1056,3,8,3,1,0
24,1474,5,8,15,4,0
25,980,2,5,3,2,0
26,621,5,7,11,3,0
27,285,5,7,13,4,0
28,1677,2,5,15,2,0
29,143,3,1,16,2,0
30,1651,2,6,14,4,0
31,1804,2,5,7,3,0
32,1308,5,7,18,4,0
33,1093,5,8,15,4,0
34,540,4,6,14,2,0
35,1854,5,7,8,1,0
36,1110,2,5,14,2,0
37,9,1,4,2,1,0
38,2209,5,7,6,4,0
39,821,5,7,9,3,0
40,848,5,7,8,4,0
41,939,5,7,12,4,0
42,2306,2,3,15,2,0
43,1562,2,5,18,2,0
44,1694,5,7,8,3,0
45,1409,2,5,19,2,0
46,1776,1,4,7,1,0
47,1346,5,7,16,3,0
48,863,5,8,11,3,0
49,274,5,7,8,4,0
50,674,5,7,17,3,0
51,2569,2,5,18,2,0
52,2603,2,6,18,4,0
53,2211,2,5,20,1,0
54,2012,3,1,14,2,0
55,124,4,3,17,3,0
56,1807,5,7,11,3,0
57,1044,5,7,15,3,0
58,88,5,7,18,4,0
59,260,5,8,15,1,0
60,78,4,3,18,3,0
61,1317,2,6,6,3,0
62,1623,2,5,10,2,0
63,669,2,8,18,3,0
64,355,5,8,13,3,0
65,1446,3,8,12,1,0
66,1735,5,7,14,4,0
67,827,1,4,6,1,0
68,1779,5,8,13,4,0
69,1613,3,6,11,4,0
70,1676,2,5,14,2,0
71,1036,4,3,20,2,0
72,1331,1,4,12,1,0
73,454,5,7,18,4,0
74,1897,2,4,15,2,0
75,743,4,3,19,1,0
76,277,2,5,15,1,0
77,2358,5,8,9,1,0
78,2073,5,6,17,2,0
79,2299,4,3,17,1,0
80,361,2,5,17,4,0
81,1137,3,1,3,1,0
82,1640,5,7,8,3,0
83,2401,4,3,7,4,0
84,2624,5,7,8,4,0
85,1678,5,7,8,2,0
86,953,5,6,9,1,0
87,2076,2,5,0,3,0
88,2365,2,5,15,1,0
89,1723,3,1,3,1,0
90,909,2,5,18,1,0
91,1772,4,3,16,2,0
92,251,5,6,17,2,0
93,2075,4,3,9,2,0
94,1426,5,7,NA,1,0
95,453,4,3,17,4,0
96,1182,3,8,10,4,0
97,248,3,8,14,1,0
98,484,2,5,18,1,0
99,1846,5,7,8,3,0
100,957,5,7,17,3,0
101,369,3,8,6,2,0
102,2506,4,3,17,4,0
103,1757,5,7,7,3,0
104,1775,5,7,12,4,0
105,315,2,5,8,2,0
106,487,2,5,18,4,0
107,366,5,7,0,2,0
108,1003,5,7,18,3,0
109,396,5,7,18,4,0
110,1196,2,6,13,2,0
111,2658,3,1,9,1,0
112,1390,2,5,11,1,0
113,565,4,3,15,2,0
114,965,5,7,6,3,0
115,1930,5,7,15,3,0
116,2590,4,3,16,4,0
117,2072,3,1,16,1,0
118,448,5,7,16,3,0
119,2141,4,6,10,4,0
120,639,5,7,11,4,0
121,1325,2,5,6,2,0
122,738,2,5,15,2,0
123,1388,2,5,14,2,0
124,145,5,7,8,3,0
125,692,4,3,14,3,0
126,311,3,1,15,2,0
127,1330,5,7,18,4,0
128,1863,5,7,15,3,0
129,1889,1,4,7,1,0
130,2204,5,7,18,2,0
131,2170,4,8,NA,4,0
132,2148,2,5,17,4,0
133,2157,2,5,16,4,0
134,1597,5,7,18,3,0
135,720,2,6,18,4,0
136,1352,2,5,NA,2,0
137,94,5,7,18,3,0
138,1817,3,6,12,3,0
139,1017,5,7,15,4,0
140,727,4,3,17,2,0
141,926,4,3,17,4,0
142,2485,2,5,18,1,0
143,2224,5,7,7,3,0
144,405,5,7,8,1,0
145,2527,3,8,6,2,0
146,888,3,6,16,3,0
147,1398,2,7,5,2,0
148,300,4,3,17,4,0
149,1260,2,5,6,4,0
150,2382,5,7,6,2,0
151,3,4,3,18,3,0
152,1555,2,5,15,4,0
153,2623,5,7,8,3,0
154,856,3,6,13,2,0
155,914,2,5,16,4,0
156,115,5,6,8,2,0
157,226,5,7,15,3,0
158,2466,4,3,18,4,0
159,713,2,5,15,4,2
160,805,4,8,14,2,0
161,830,5,7,16,3,0
162,426,5,7,14,3,0
163,246,4,3,18,2,0
164,2004,4,6,16,1,0
165,2357,5,8,NA,3,0
166,736,5,7,2,3,0
167,1978,2,5,18,4,0
168,1136,4,3,15,2,0
169,254,2,6,15,3,0
170,2663,4,6,6,2,0
171,1989,5,8,13,3,0
172,1862,5,8,8,1,0
173,2654,5,7,14,3,0
174,1118,5,7,8,1,0
175,1516,3,1,14,2,0
176,207,5,7,8,3,0
177,1274,5,7,6,3,0
178,1121,5,7,7,3,0
179,2602,2,5,8,2,0
180,1336,5,7,18,2,0
181,808,5,7,8,3,0
182,1460,5,7,6,1,0
183,1164,5,7,18,3,0
184,1831,4,3,14,1,0
185,1745,5,7,12,2,0
186,382,4,6,7,2,0
187,2215,4,3,17,1,0
188,2640,2,2,16,4,0
189,2185,5,7,8,3,0
190,1248,5,7,8,3,0
191,1501,3,1,13,2,0
192,2548,5,7,14,4,0
193,263,5,7,6,3,0
194,1692,2,5,18,1,0
195,1476,2,6,13,1,0
196,362,5,7,3,3,0
197,1447,5,7,7,3,0
198,579,2,2,16,4,0
199,2111,5,7,13,4,0
200,816,5,7,NA,3,0
201,1970,3,8,6,3,0
202,175,5,7,8,4,0
203,1422,2,5,12,4,0
204,389,5,7,7,4,0
205,1552,5,7,13,4,0
206,2316,5,7,18,2,0
207,1495,3,8,8,3,0
208,1221,3,6,14,2,0
209,2643,2,5,15,2,0
210,2353,2,6,4,4,0
211,421,5,7,18,4,0
212,837,5,7,13,4,0
213,800,2,5,17,2,0
214,2189,5,7,9,4,0
215,2330,5,7,9,3,0
216,2244,4,3,20,1,0
217,1000,5,7,NA,3,0
218,655,4,3,15,1,0
219,1051,3,1,13,2,0
220,1250,2,5,18,3,0
221,2441,2,6,20,1,0
222,505,4,6,14,2,0
223,465,2,5,15,1,0
224,1077,5,8,13,3,0
225,73,5,7,16,4,0
226,2589,4,6,3,2,0
227,2612,5,7,15,3,0
228,1903,2,5,1,2,0
229,286,4,3,18,4,0
230,2502,2,5,18,2,0
231,1286,3,6,11,2,0
232,2363,2,5,17,2,0
233,2062,3,8,6,3,0
234,1994,5,7,15,3,0
235,1490,4,3,18,3,0
236,499,2,5,10,2,0
237,1258,5,8,3,1,0
238,1693,5,7,18,4,0
239,1074,2,5,17,2,0
240,1359,4,3,2,4,0
241,1946,2,5,18,4,0
242,1844,3,6,14,4,0
243,868,5,7,8,2,0
244,2484,4,3,17,4,0
245,1859,5,7,8,3,0
246,1749,5,7,2,3,0
247,2435,2,6,18,4,0
248,1898,5,7,14,4,0
249,1145,5,7,17,4,0
250,1737,2,5,16,3,0
251,2043,2,5,7,4,0
252,732,2,5,13,4,0
253,1526,2,5,16,4,0
254,1509,2,5,8,1,0
255,1235,5,7,16,3,0
256,45,5,7,13,3,0
257,2451,5,7,8,4,0
258,2655,5,7,16,3,0
259,2600,4,3,14,3,0
260,1117,5,7,8,4,0
261,826,5,7,18,3,0
262,2208,5,7,13,3,0
263,2396,3,8,5,4,0
264,612,2,5,15,1,0
265,2283,5,7,14,3,0
266,50,5,7,8,1,0
267,2464,5,7,18,1,0
268,1572,2,5,5,2,0
269,397,4,3,7,2,0
270,1371,4,6,3,4,0
271,211,5,8,8,2,0
272,1081,4,6,11,1,0
273,2567,4,3,17,1,0
274,2277,4,3,17,3,0
275,1236,5,7,6,4,0
276,407,5,7,14,4,0
277,303,5,7,16,3,0
278,1389,2,5,17,1,0
279,1416,2,5,17,3,0
280,2287,2,4,13,2,0
281,666,5,7,17,3,0
282,2044,2,5,13,2,2
283,456,5,7,8,2,0
284,1635,5,7,18,3,0
285,859,5,7,13,4,0
286,292,5,8,14,2,0
287,2202,5,7,18,3,0
288,2471,5,7,14,3,0
289,1950,5,7,6,3,0
290,377,5,8,12,1,0
291,375,3,1,7,2,0
292,1545,5,7,13,3,0
293,1484,2,2,14,4,0
294,59,5,7,8,2,0
295,2021,3,6,17,1,0
296,673,3,8,9,2,0
297,2297,3,8,6,1,0
298,146,4,8,10,4,0
299,1792,5,7,8,2,0
300,1348,3,8,6,1,0
301,1746,3,8,6,4,0
302,2641,5,7,16,3,0
303,2386,5,7,12,4,0
304,182,5,7,6,2,0
305,294,5,7,18,3,0
306,1372,5,7,8,3,0
307,2282,5,7,NA,3,0
308,1723,3,1,13,1,0
309,719,5,7,18,3,0
310,377,5,8,NA,1,0
311,155,5,7,NA,2,0
312,351,5,7,14,4,0
313,2063,4,6,14,2,0
314,2438,3,8,0,3,0
315,1995,5,7,17,3,0
316,1029,2,5,15,1,0
317,915,5,7,11,4,0
318,1132,5,7,17,4,0
319,508,5,7,8,2,0
320,1710,5,7,15,2,3
321,1852,2,5,18,1,0
322,1782,4,3,16,2,0
323,1347,5,7,13,3,0
324,2018,4,3,17,3,0
325,2499,5,7,13,3,0
326,699,5,7,14,3,0
327,2265,5,6,7,1,0
328,1485,4,3,16,2,0
329,658,5,6,17,1,0
330,108,5,7,13,3,0
331,47,5,8,13,3,0
332,1311,5,7,8,3,0
333,2490,5,7,8,2,0
334,1360,5,7,8,4,0
335,737,4,6,7,1,0
336,908,5,7,8,4,0
337,1611,2,5,7,4,0
338,1742,5,7,18,3,0
339,840,5,7,17,2,0
340,241,5,7,8,1,0
341,771,5,8,17,3,0
342,2146,5,7,8,3,0
343,2470,5,7,16,3,0
344,568,4,3,17,4,0
345,71,2,5,14,2,0
346,2356,5,7,7,3,0
347,1902,3,1,6,3,0
348,1543,4,3,6,3,0
349,1148,5,7,13,3,0
350,2593,5,7,8,2,0
351,812,4,3,20,1,0
352,2078,5,7,11,2,9
353,220,5,7,9,3,0
354,171,2,5,6,3,0
355,1665,5,7,8,3,0
356,1219,5,8,NA,1,0
357,224,5,7,15,3,0
358,200,1,4,NA,1,0
359,1226,5,7,20,4,0
360,164,2,5,15,2,0
361,2409,2,6,13,1,0
362,882,5,7,9,3,0
363,725,2,5,17,2,0
364,491,5,7,18,3,0
365,1456,2,5,20,2,0
366,1431,5,7,18,3,0
367,525,4,3,17,2,0
368,2434,2,5,5,4,0
369,1514,5,7,13,3,0
370,1276,5,7,14,4,0
371,637,5,7,6,2,0
372,596,2,5,7,3,0
373,1961,5,7,12,4,1
374,2465,3,1,7,3,0
375,1033,2,5,17,4,0
376,1301,4,6,8,2,0
377,1858,5,7,8,3,0
378,2337,3,6,14,3,0
379,1365,3,1,15,2,0
380,625,5,7,18,3,0
381,85,5,7,0,2,0
382,879,5,8,NA,1,0
383,1971,5,7,14,3,0
384,587,5,7,8,3,0
385,1634,5,7,14,1,0
386,2104,5,7,14,4,0
387,1340,5,7,7,4,0
388,2627,4,3,18,4,0
389,1005,5,7,6,3,0
390,141,4,3,17,2,0
391,818,4,6,NA,2,0
392,1653,5,7,16,3,0
393,945,1,4,NA,1,0
394,2084,2,5,15,4,0
395,470,5,7,18,3,0
396,2055,5,7,13,3,0
397,1789,5,7,12,4,0
398,191,5,7,3,2,1
399,122,5,7,18,3,0
400,875,2,5,NA,3,0
401,2562,5,7,13,3,0
402,590,4,3,17,2,0
403,2314,3,1,15,2,0
404,2096,5,7,6,3,0
405,679,5,8,13,2,0
406,1376,5,7,8,2,0
407,1872,5,7,17,3,0
408,2592,5,7,14,4,0
409,2196,5,7,18,4,0
410,2286,2,5,15,2,0
411,464,2,5,14,2,0
412,201,4,3,18,3,0
413,1289,5,7,NA,2,0
414,724,1,4,NA,1,0
415,649,5,7,8,3,0
416,2219,2,2,14,2,0
417,1144,3,6,11,4,0
418,2116,5,7,13,2,0
419,684,2,5,14,2,0
420,1753,5,6,17,2,0
421,2436,5,7,17,3,0
422,789,3,1,14,2,0
423,1351,2,1,14,2,0
424,820,5,6,0,1,0
425,586,5,7,8,3,0
426,642,5,7,6,3,0
427,2318,5,7,8,3,0
428,785,3,8,6,4,0
429,2342,4,3,18,1,0
430,1037,2,5,7,1,0
431,896,5,7,13,4,0
432,884,5,7,7,4,0
433,1809,2,5,14,2,0
434,2587,5,7,7,3,0
435,2507,5,7,8,4,0
436,758,2,5,13,4,0
437,353,2,5,17,4,0
438,776,5,7,7,3,0
439,1205,5,7,15,3,0
440,2125,2,5,14,2,0
441,1262,3,8,6,3,0
442,27,5,7,7,3,0
443,1282,5,7,14,3,0
444,1140,4,3,18,4,0
445,2492,5,6,13,2,0
446,2109,3,8,10,4,0
447,506,1,4,7,1,0
448,2119,4,3,10,1,0
449,956,5,8,14,3,0
450,1983,4,3,17,3,0
451,1400,5,6,17,2,0
452,2176,2,6,2,1,0
453,2375,5,7,15,3,0
454,931,2,5,7,2,0
455,331,2,5,18,1,0
456,1189,2,5,20,2,0
457,249,2,5,16,4,0
458,2257,5,7,8,3,4
459,2053,3,1,6,3,0
460,2407,5,7,13,3,0
461,1482,5,7,8,4,0
462,1796,2,5,15,1,0
463,192,2,6,17,3,0
464,367,5,7,13,3,0
465,1037,2,5,8,1,0
466,128,5,7,6,3,0
467,2030,5,7,17,3,0
468,399,2,5,18,1,0
469,1103,5,7,5,4,0
470,503,4,3,18,4,0
471,2452,5,7,6,3,0
472,2520,5,7,8,1,0
473,1525,2,5,3,1,0
474,1266,5,7,18,4,0
475,2217,5,7,8,4,0
476,384,2,5,20,1,0
477,1361,2,5,18,4,0
478,170,3,6,11,3,0
479,216,5,7,8,3,0
480,2183,2,6,13,1,0
481,2458,5,7,8,2,0
482,1126,5,7,13,3,0
483,423,3,8,6,1,0
484,634,5,7,18,3,0
485,735,5,7,NA,3,0
486,905,5,7,15,3,0
487,1551,5,7,8,2,0
488,627,5,7,8,3,0
489,1644,4,3,17,2,0
490,451,5,7,8,2,0
491,822,4,3,17,1,0
492,339,4,3,20,1,0
493,1591,5,7,NA,3,0
494,217,5,7,16,3,0
495,2439,4,3,7,3,0
496,1475,5,7,8,2,0
497,855,2,5,14,2,0
498,1944,4,3,14,3,0
499,610,2,5,11,4,0
500,2495,5,8,13,4,0
501,2442,5,7,7,2,0
502,1070,3,8,6,4,0
503,660,4,3,20,1,0
504,827,1,4,9,1,0
505,912,5,7,16,2,0
506,1848,5,6,14,2,0
507,1768,5,7,13,4,0
508,2393,4,6,6,1,0
509,2288,2,5,17,2,0
510,2373,5,7,14,2,0
511,1845,5,7,18,3,0
512,1399,2,5,17,1,0
513,335,5,7,13,4,0
514,178,4,3,19,1,0
515,2447,5,7,7,3,0
516,293,5,7,17,3,0
517,23,2,5,9,1,0
518,69,5,8,16,2,0
519,2604,4,6,10,1,0
520,1525,2,5,12,1,0
521,64,5,8,NA,2,0
522,932,4,3,17,2,0
523,558,5,7,15,3,0
524,1829,2,2,14,4,0
525,131,5,8,15,1,0
526,2424,2,5,18,2,0
527,2561,3,1,14,2,0
528,1039,2,2,14,4,0
529,2273,5,7,14,3,0
530,1394,2,5,15,3,0
531,245,5,7,7,3,0
532,168,5,7,8,3,0
533,267,5,7,18,2,0
534,2095,4,3,12,2,0
535,817,3,8,6,4,0
536,1211,1,4,13,4,0
537,2428,5,7,14,4,0
538,1298,4,3,14,4,0
539,2461,3,8,7,1,0
540,2124,2,5,14,2,0
541,2636,3,1,6,2,0
542,533,2,5,8,4,0
543,1875,5,7,10,4,0
544,513,5,7,16,3,0
545,2248,5,7,7,3,0
546,979,5,7,8,2,0
547,2457,2,5,17,2,0
548,338,5,7,14,4,0
549,562,2,2,16,2,0
550,427,4,6,NA,2,0
551,2528,5,7,15,3,0
552,2357,5,8,14,3,0
553,134,4,3,15,2,0
554,1212,5,7,18,4,0
555,2503,2,5,18,2,0
556,2036,5,7,14,3,0
557,1040,5,7,8,3,0
558,2250,2,5,9,1,0
559,1600,2,5,17,2,0
560,2609,5,7,12,2,0
561,1230,4,3,17,2,0
562,481,5,7,15,3,0
563,2177,2,5,14,2,0
564,1541,3,1,16,4,0
565,2610,5,7,7,3,0
566,1043,5,7,8,3,0
567,1012,2,5,14,2,0
568,416,2,5,5,1,0
569,646,3,1,14,2,0
570,2645,4,3,15,2,0
571,2525,5,7,7,4,0
572,2127,3,8,11,1,0
573,753,2,5,15,4,0
574,923,1,4,7,1,0
575,2105,4,3,15,2,0
576,1592,3,1,15,2,0
577,1538,5,7,18,4,0
578,1538,5,7,18,4,0
579,1314,2,5,16,4,0
580,151,3,8,12,1,0
581,2546,4,3,16,2,0
582,880,3,6,17,1,0
583,704,4,3,18,3,0
584,781,5,7,8,2,0
585,2581,5,7,11,4,0
586,1429,3,8,11,2,0
587,195,5,7,8,3,0
588,1313,5,7,12,4,0
589,1599,3,8,14,1,0
590,114,3,8,6,3,0
591,1504,4,6,16,1,0
592,1084,3,1,10,1,0
593,1765,2,5,15,2,0
594,1974,5,7,8,3,0
595,240,5,7,11,4,0
596,2351,2,5,18,3,0
597,2333,2,5,9,1,0
598,1890,3,1,9,2,0
599,1987,4,3,17,1,0
600,1448,2,5,20,2,0
601,1414,4,3,19,1,0
602,1556,2,5,20,1,0
603,1142,2,6,13,1,0
604,1111,2,5,17,2,0
605,18,1,4,7,1,0
606,1025,5,7,8,1,0
607,1433,5,7,NA,3,0
608,1668,5,7,12,4,0
609,1709,5,7,8,4,0
610,2517,5,7,9,3,0
611,712,3,6,11,3,0
612,1054,2,5,12,2,0
613,618,2,5,18,4,0
614,876,5,7,8,3,0
615,9,1,4,5,1,0
616,867,5,7,12,3,0
617,1078,5,7,6,4,0
618,1185,5,7,13,3,0
619,68,5,7,8,3,0
620,1739,5,7,13,2,0
621,1241,2,5,17,2,0
622,445,5,7,8,3,0
623,302,4,3,18,4,0
624,398,5,7,14,3,0
625,668,4,3,17,3,0
626,759,5,7,8,3,0
627,607,2,5,8,4,0
628,695,5,7,8,3,0
629,379,5,7,11,4,0
630,2367,2,5,17,4,0
631,1108,5,7,8,4,0
632,21,5,8,15,2,0
633,561,2,5,NA,2,0
634,1674,5,8,14,2,0
635,1232,5,7,13,3,0
636,289,2,5,15,1,0
637,1097,2,5,15,2,0
638,247,2,1,14,2,0
639,539,4,6,9,2,0
640,11,2,5,18,2,3
641,779,2,5,16,4,0
642,459,4,3,14,3,0
643,1489,5,7,13,4,0
644,773,1,4,7,1,0
645,2266,5,8,15,2,0
646,408,5,7,7,3,0
647,686,5,7,14,4,0
648,796,5,7,7,3,0
649,2172,2,5,14,3,0
650,1992,5,7,18,3,0
651,232,4,3,20,4,0
652,920,5,8,2,3,0
653,1519,4,6,6,2,0
654,749,5,7,18,2,0
655,1568,3,1,16,2,0
656,229,3,6,16,3,0
657,969,5,7,14,4,0
658,1363,5,7,9,4,0
659,2226,5,7,7,3,0
660,927,5,6,4,1,0
661,399,2,5,NA,1,0
662,1937,5,7,18,1,0
663,584,4,6,18,1,0
664,1929,4,3,17,2,0
665,1125,2,5,15,2,0
666,2195,5,7,14,3,0
667,1857,5,8,14,3,0
668,2411,5,7,12,4,0
669,329,5,7,13,3,0
670,1866,5,7,18,3,0
671,1403,4,8,11,1,0
672,772,5,7,8,1,0
673,237,5,7,8,2,0
674,2214,5,8,6,4,0
675,1813,2,5,2,4,0
676,1009,2,5,17,2,0
677,1439,5,7,8,3,0
678,527,2,5,4,2,0
679,1900,2,7,17,2,0
680,416,2,5,10,1,0
681,717,3,6,11,4,0
682,2671,5,7,8,3,0
683,1374,5,7,14,4,0
684,1513,5,7,3,3,0
685,802,3,1,15,2,0
686,745,2,5,18,2,0
687,787,5,7,7,4,0
688,1550,5,7,8,4,0
689,255,2,5,18,2,0
690,2354,5,8,15,2,0
691,2381,2,5,8,4,0
692,1042,5,7,7,3,0
693,1681,2,6,14,4,0
694,1116,4,6,17,1,0
695,670,2,5,15,2,0
696,747,5,7,18,2,0
697,469,5,7,6,3,0
698,2164,2,5,17,2,0
699,1614,3,1,13,2,0
700,2069,2,5,15,1,0
701,1975,5,7,8,3,6
702,411,5,8,7,1,0
703,2509,4,6,NA,1,0
704,1228,5,7,15,3,0
705,2361,3,1,12,4,0
706,1798,3,1,14,4,0
707,1559,5,7,1,3,0
708,887,5,7,6,3,0
709,1825,5,8,15,1,0
710,791,5,7,16,1,0
711,1806,4,3,11,4,0
712,2002,5,7,16,4,0
713,2335,2,5,17,4,0
714,2541,5,6,18,2,0
715,328,2,5,20,1,0
716,2137,2,5,9,1,0
717,1540,5,7,16,4,0
718,299,4,3,17,4,0
719,2529,1,4,NA,1,0
720,2059,5,7,7,3,0
721,1766,4,6,11,1,0
722,1645,3,8,5,4,0
723,347,2,5,17,3,0
724,1238,5,7,7,3,0
725,680,3,8,6,1,0
726,945,1,4,7,1,0
727,768,3,1,15,2,0
728,345,5,7,8,2,0
729,511,2,5,16,4,0
730,564,2,5,15,4,2
731,2339,2,5,13,2,0
732,2054,5,8,13,1,0
733,393,4,3,7,3,0
734,1535,5,7,8,3,0
735,1165,2,5,2,1,0
736,2364,5,7,14,3,0
737,943,4,6,12,1,0
738,1052,5,7,13,4,0
739,543,5,7,5,3,0
740,104,2,5,15,2,0
741,372,2,5,18,1,0
742,2595,4,3,7,4,0
743,1522,5,7,18,2,0
744,657,1,4,7,1,0
745,1893,4,6,6,2,0
746,1346,5,7,NA,3,0
747,1576,4,3,15,1,0
748,1499,5,7,13,3,0
749,58,5,8,13,4,0
750,183,2,5,18,2,0
751,1453,2,5,18,4,0
752,2056,4,3,18,4,0
753,2362,5,7,15,3,0
754,1397,3,8,14,2,0
755,2415,5,7,18,2,0
756,991,5,7,16,4,0
757,752,5,8,7,1,0
758,585,2,5,18,2,0
759,1663,5,7,18,3,0
760,430,2,5,6,1,0
761,2114,5,7,8,2,0
762,280,2,5,10,2,0
763,381,2,5,17,2,0
764,420,5,7,16,2,0
765,2231,5,7,8,2,0
766,1580,3,8,6,1,0
767,892,4,3,20,2,0
768,1131,5,7,6,3,0
769,838,5,7,16,2,0
770,654,1,4,NA,1,0
771,107,5,7,18,3,0
772,2675,1,4,7,1,0
773,1892,5,7,18,4,0
774,677,5,7,14,4,0
775,2092,5,7,8,2,0
776,1879,5,7,14,2,0
777,2360,2,5,18,1,0
778,1619,2,5,15,3,0
779,1560,5,7,18,4,0
780,1095,2,7,17,2,0
781,1216,5,7,6,4,0
782,15,5,7,16,3,0
783,894,2,5,14,3,0
784,2372,3,6,12,3,0
785,971,5,7,7,3,0
786,1960,5,7,18,1,0
787,22,5,8,2,4,0
788,2186,2,5,15,2,0
789,582,4,3,13,4,0
790,269,3,6,8,1,0
791,386,4,6,NA,4,0
792,718,5,7,18,4,0
793,1002,5,7,18,3,0
794,1662,5,7,8,3,0
795,2008,2,5,17,1,0
796,1234,5,7,16,3,0
797,786,5,7,10,4,0
798,756,5,7,8,3,0
799,694,5,7,8,1,0
800,2057,2,6,13,2,0
801,1574,5,7,7,3,0
802,1278,5,8,7,1,0
803,845,5,7,13,2,0
804,120,5,7,11,2,0
805,2250,2,5,9,1,0
806,806,2,5,NA,1,0
807,1087,3,8,7,1,0
808,1612,2,8,18,1,0
809,1957,4,6,3,1,0
810,793,5,7,8,4,0
811,2089,3,8,9,2,0
812,1076,5,7,8,4,0
813,19,5,7,8,4,0
814,1004,2,5,7,3,0
815,2532,4,3,20,1,0
816,130,2,5,8,4,0
817,2408,5,7,12,4,0
818,1385,2,5,15,2,0
819,504,3,1,15,4,0
820,1616,5,7,8,1,0
821,248,3,8,NA,1,0
822,326,5,8,17,4,0
823,1233,4,6,6,2,0
824,1909,4,6,17,1,0
825,1968,5,7,5,4,0
826,165,5,7,7,3,0
827,1889,1,4,NA,1,0
828,406,5,7,8,4,0
829,2489,5,7,8,3,0
830,2596,5,7,16,4,0
831,2068,5,7,6,3,0
832,1703,5,7,8,3,0
833,106,4,3,15,1,0
834,1177,2,5,20,2,0
835,1115,2,6,6,4,0
836,244,5,7,8,2,0
837,455,3,1,6,3,0
838,142,5,7,6,3,0
839,2135,3,1,6,1,0
840,2037,2,5,10,1,0
841,417,5,7,13,3,0
842,1788,5,7,8,4,0
843,1823,5,7,14,3,0
844,41,4,6,0,4,0
845,53,2,8,18,1,0
846,95,4,3,18,1,5
847,2437,5,8,7,4,0
848,2578,2,5,18,2,0
849,844,5,7,19,1,8
850,1353,5,7,20,3,0
851,288,5,7,18,4,0
852,744,5,7,8,3,0
853,1231,4,3,18,2,0
854,1082,5,7,15,4,0
855,1470,2,5,18,2,0
856,1299,2,5,5,4,0
857,1925,5,7,8,2,0
858,2438,3,8,5,3,0
859,1943,5,7,19,3,0
860,788,3,1,7,2,0
861,26,5,7,15,3,0
862,594,2,1,15,1,0
863,841,4,3,15,1,0
864,2523,2,6,18,4,0
865,1908,5,7,13,3,0
866,1335,3,6,11,3,0
867,1496,5,7,13,4,0
868,1878,5,7,17,4,0
869,2638,2,5,18,3,0
870,147,5,7,6,3,0
871,626,5,7,8,3,0
872,2455,2,6,18,4,0
873,636,5,7,8,2,0
874,530,2,5,18,1,0
875,1092,2,5,13,2,0
876,1776,1,4,NA,1,0
877,2331,3,1,14,2,0
878,1633,5,7,14,3,0
879,1874,5,7,18,4,0
880,202,2,5,14,4,0
881,97,2,5,12,4,0
882,186,5,7,20,2,0
883,1527,2,5,20,2,0
884,1046,5,7,4,3,0
885,1627,5,7,15,3,0
886,1660,5,8,NA,1,0
887,2637,5,7,18,4,0
888,833,2,5,15,3,0
889,1542,5,7,14,3,0
890,2498,4,3,10,1,0
891,2210,2,5,10,2,0
892,1560,5,7,18,4,0
893,792,5,7,8,4,0
894,2003,4,3,17,3,0
895,1477,2,5,17,4,0
896,834,5,7,16,4,0
897,550,5,7,16,3,0
898,2254,5,7,15,3,0
899,435,2,5,17,2,0
900,994,5,7,14,3,0
901,317,5,8,14,1,0
902,1747,4,6,11,1,0
903,526,5,8,14,2,0
904,657,1,4,NA,1,0
905,593,2,5,18,2,0
906,2129,5,7,5,3,0
907,691,4,8,4,2,0
908,2487,2,5,18,3,0
909,2404,5,7,14,3,0
910,763,5,7,15,3,0
911,1652,2,5,3,3,0
912,442,2,5,17,3,0
913,850,5,7,8,2,0
914,1094,5,7,6,3,0
915,2218,3,6,11,3,0
916,193,4,3,7,4,0
917,278,2,5,8,2,0
918,611,5,7,18,4,0
919,933,5,7,4,3,0
920,1410,2,5,18,2,0
921,1201,4,3,18,2,0
922,523,5,7,6,3,0
923,836,3,8,6,3,0
924,600,3,8,5,3,0
925,560,4,3,17,4,0
926,1686,3,8,6,3,0
927,1128,5,7,14,4,0
928,67,5,7,5,3,0
929,296,2,5,6,4,0
930,2100,5,7,16,3,0
931,630,5,7,12,3,0
932,1418,2,5,13,4,0
933,1647,5,7,14,3,0
934,1836,4,8,15,4,0
935,2423,5,7,8,3,0
936,1112,4,3,20,1,0
937,2007,5,7,6,4,0
938,2573,1,4,NA,1,0
939,2276,3,1,17,1,0
940,1524,4,3,14,4,0
941,1631,5,7,NA,3,0
942,842,3,6,16,3,0
943,1407,5,7,16,3,0
944,1547,2,5,16,3,0
945,2516,5,7,15,3,0
946,601,5,8,2,4,0
947,663,2,5,10,1,0
948,1920,5,7,8,1,0
949,1695,2,5,18,1,0
950,96,2,5,15,1,0
951,2156,1,4,14,2,0
952,925,2,5,20,1,0
953,2132,2,5,15,1,0
954,486,5,7,8,3,0
955,853,4,3,14,1,0
956,828,2,5,17,1,0
957,1629,4,3,17,2,0
958,2538,2,5,12,1,0
959,7,5,7,15,2,0
960,2397,5,7,13,4,0
961,1785,5,7,6,3,0
962,1722,5,7,6,3,0
963,2310,5,7,7,2,0
964,2252,4,3,17,3,0
965,672,4,3,6,4,0
966,2444,5,7,7,3,0
967,778,5,7,14,3,0
968,921,3,8,6,1,0
969,2090,5,7,16,4,0
970,428,5,7,18,3,0
971,1805,4,6,6,2,0
972,2311,4,3,6,4,0
973,1964,2,5,15,2,0
974,462,3,6,11,4,0
975,1827,5,7,15,3,0
976,209,2,3,18,2,0
977,2392,3,6,8,1,0
978,2508,5,7,18,4,0
979,1991,4,3,14,1,0
980,1086,5,7,18,4,0
981,2336,2,5,8,4,0
982,1377,3,8,NA,2,0
983,2020,5,7,8,4,0
984,2223,3,6,14,4,0
985,2034,5,7,18,3,0
986,12,2,5,18,1,0
987,2031,5,8,6,4,0
988,2534,5,7,18,3,0
989,507,4,3,12,2,0
990,2150,5,7,2,3,0
991,111,2,5,12,4,0
992,1378,1,4,7,1,0
993,1472,5,7,6,4,0
994,392,5,7,13,3,0
995,265,2,6,18,4,0
996,1206,3,6,16,3,0
997,1656,4,3,15,2,0
998,356,3,8,6,4,0
999,1162,2,5,19,2,0
1000,1031,5,7,15,3,0
1001,357,4,6,6,1,0
1002,103,3,1,15,2,0
1003,1942,5,7,18,1,0
1004,1449,5,7,11,2,0
1005,765,5,7,8,4,0
1006,2463,2,5,14,2,0
1007,1546,5,7,6,2,0
1008,1905,5,6,6,2,0
1009,2570,5,7,18,3,0
1010,1481,3,1,16,1,0
1011,2530,5,7,18,3,0
1012,56,3,6,17,1,0
1013,2475,4,3,20,1,0
1014,401,5,7,8,4,0
1015,629,5,7,8,4,0
1016,916,2,5,20,1,0
1017,1816,2,5,20,2,0
1018,1811,5,7,14,4,0
1019,2079,5,6,16,1,0
1020,1715,5,7,16,3,0
1021,2107,2,5,14,2,0
1022,1825,5,6,NA,1,0
1023,1294,3,1,16,2,0
1024,80,5,7,0,2,0
1025,52,4,3,14,3,0
1026,2380,5,7,6,2,0
1027,606,5,7,18,2,0
1028,2267,5,7,15,3,0
1029,2006,2,5,16,2,0
1030,946,1,4,NA,1,0
1031,2285,5,7,8,3,0
1032,723,4,3,17,2,0
1033,1893,4,6,NA,2,0
1034,1940,5,7,8,4,0
1035,1386,1,4,7,1,0
1036,1926,2,5,7,4,0
1037,2229,2,5,17,2,0
1038,1880,2,1,18,1,0
1039,569,5,8,17,1,0
1040,1019,3,1,16,1,2
1041,1215,4,3,17,2,0
1042,349,2,6,6,3,0
1043,2390,5,7,18,3,0
1044,290,5,7,14,4,0
1045,1759,2,6,13,1,0
1046,1690,5,7,18,3,0
1047,20,2,5,15,3,0
1048,741,2,5,18,2,0
1049,391,3,1,16,2,0
1050,2233,5,7,16,3,0
1051,1887,2,5,17,4,0
1052,317,5,8,NA,1,0
1053,1529,5,7,7,3,0
1054,1280,5,7,8,2,0
1055,1392,5,6,18,2,0
1056,337,5,7,10,4,0
1057,2446,2,6,13,1,0
1058,488,5,7,8,2,0
1059,1304,4,3,17,2,0
1060,60,5,7,16,3,0
1061,458,5,7,8,3,0
1062,2066,5,7,17,2,0
1063,823,5,7,15,2,0
1064,693,3,1,15,2,0
1065,2662,5,8,13,4,0
1066,2013,5,6,8,1,0
1067,205,2,5,18,2,0
1068,1,5,7,8,3,0
1069,2260,2,5,13,2,0
1070,1509,2,5,7,1,0
1071,2014,5,7,6,3,0
1072,1579,2,5,3,1,0
1073,534,4,3,19,4,0
1074,583,5,7,7,3,0
1075,889,1,4,NA,1,0
1076,1309,2,8,18,1,0
1077,235,3,8,6,3,0
1078,1259,5,7,13,2,0
1079,966,5,7,12,4,0
1080,2416,3,8,2,2,0
1081,291,5,7,18,3,0
1082,1682,4,3,19,2,0
1083,1113,2,8,18,2,0
1084,498,5,7,8,1,0
1085,1358,4,3,6,2,0
1086,1457,5,7,18,3,0
1087,1246,5,7,8,3,0
1088,1270,2,5,7,1,0
1089,66,5,7,16,3,0
1090,709,5,7,16,4,0
1091,1072,5,7,8,4,0
1092,452,5,7,5,3,0
1093,961,5,7,16,3,0
1094,1424,2,6,9,1,0
1095,1462,3,8,5,1,0
1096,2607,5,7,8,3,0
1097,632,2,2,14,4,0
1098,2227,3,8,6,4,0
1099,1321,4,6,NA,1,0
1100,1307,5,7,13,1,0
1101,581,5,6,17,2,0
1102,794,2,6,14,4,0
1103,305,5,7,18,3,0
1104,1178,2,6,15,3,0
1105,2621,5,7,17,4,0
1106,643,2,5,16,4,0
1107,133,5,7,16,4,0
1108,1984,5,7,18,3,0
1109,1864,5,7,6,3,0
1110,1194,5,7,13,4,0
1111,554,2,5,7,4,0
1112,1135,2,5,15,2,0
1113,2312,4,3,19,1,0
1114,1364,5,7,8,3,0
1115,436,2,5,4,1,1
1116,663,2,5,6,1,0
1117,2137,2,5,7,1,0
1118,1626,5,7,NA,3,0
1119,221,5,7,5,3,0
1120,2626,4,6,9,3,0
1121,1187,3,6,1,3,0
1122,714,5,7,16,3,0
1123,1480,5,7,14,3,0
1124,2123,5,7,8,3,0
1125,325,3,1,13,4,0
1126,1099,2,5,8,4,0
1127,2501,5,7,7,4,0
1128,2531,5,7,8,2,0
1129,1366,5,7,18,4,0
1130,1625,5,7,18,3,0
1131,2094,3,6,11,3,0
1132,835,5,7,16,4,0
1133,1071,5,8,13,3,0
1134,2135,3,1,10,1,0
1135,978,2,5,17,2,0
1136,1085,2,2,14,2,0
1137,368,2,5,8,2,0
1138,1073,2,5,18,2,0
1139,1319,2,5,20,2,0
1140,1700,2,5,18,2,0
1141,1158,5,7,7,3,0
1142,1156,4,3,19,1,0
1143,2280,5,7,17,3,0
1144,2035,2,5,16,3,0
1145,1406,5,7,2,3,0
1146,1018,5,7,8,3,0
1147,266,2,5,2,1,0
1148,55,5,7,13,3,0
1149,1161,2,5,6,4,0
1150,2047,3,6,11,3,0
1151,304,5,7,16,3,0
1152,1404,4,6,8,1,0
1153,572,3,1,16,2,0
1154,1594,5,7,11,4,0
1155,64,5,8,20,2,0
1156,664,5,7,18,4,0
1157,710,5,8,14,2,0
1158,2000,5,7,14,3,0
1159,516,3,1,13,2,0
1160,728,2,5,4,2,0
1161,1133,5,7,17,2,0
1162,1743,5,7,13,4,0
1163,1993,5,7,15,3,0
1164,1157,5,7,11,4,0
1165,287,4,6,11,1,0
1166,1192,5,7,18,3,0
1167,1865,5,7,18,1,0
1168,2082,1,4,11,1,0
1169,1141,2,8,18,2,0
1170,829,2,5,10,2,0
1171,1517,2,5,15,1,0
1172,1493,3,6,13,4,0
1173,696,5,7,16,3,0
1174,380,5,7,NA,3,0
1175,2028,3,1,15,2,0
1176,1312,3,8,6,1,0
1177,1606,5,7,8,3,0
1178,102,5,8,1,1,0
1179,126,3,1,10,2,0
1180,323,5,7,6,4,0
1181,466,2,5,17,4,0
1182,2174,5,7,15,3,0
1183,1045,5,7,18,4,0
1184,1602,5,7,18,4,0
1185,1533,5,7,8,3,0
1186,449,4,3,17,3,0
1187,1800,2,5,16,4,0
1188,113,2,5,12,1,0
1189,43,5,7,8,1,0
1190,2454,5,7,8,3,0
1191,2198,3,8,10,2,0
1192,946,1,4,7,1,0
1193,746,2,5,2,1,0
1194,628,5,7,18,3,0
1195,2616,5,6,18,1,0
1196,1272,4,3,17,4,0
1197,1921,5,8,13,3,0
1198,430,2,5,9,1,0
1199,1011,5,7,8,2,0
1200,1089,2,5,12,2,0
1201,1537,3,8,12,3,0
1202,1387,2,5,18,4,0
1203,1174,5,7,8,4,0
1204,2341,4,3,17,2,0
1205,959,5,7,17,3,0
1206,1760,2,5,15,3,0
1207,2674,4,3,17,3,0
1208,2228,3,6,11,4,0
1209,2510,4,3,17,4,0
1210,139,2,5,6,1,0
1211,1200,5,8,14,1,0
1212,1075,5,7,8,1,0
1213,1918,5,7,20,2,10
1214,1751,5,7,17,3,0
1215,2179,5,6,16,2,0
1216,1278,5,8,8,1,0
1217,1923,2,5,18,2,0
1218,1532,2,5,18,1,0
1219,545,5,7,7,4,0
1220,2138,2,5,9,4,0
1221,1912,5,7,18,3,0
1222,1183,5,8,8,1,0
1223,653,5,7,15,3,0
1224,2497,5,7,16,3,0
1225,2049,2,5,7,4,0
1226,911,5,8,16,3,0
1227,711,5,7,15,4,0
1228,1861,4,6,14,2,0
1229,640,2,5,15,2,0
1230,2376,2,5,11,2,0
1231,1744,2,5,13,2,0
1232,1487,3,1,7,4,0
1233,570,5,7,6,4,0
1234,1252,4,3,16,4,0
1235,849,2,5,12,2,0
1236,1716,2,5,18,3,0
1237,259,5,7,8,4,0
1238,575,5,7,14,3,0
1239,2631,5,8,6,2,0
1240,1554,4,3,15,2,0
1241,1352,2,5,17,2,0
1242,1047,4,3,12,1,0
1243,1712,5,7,8,2,0
1244,1488,5,7,4,3,0
1245,472,5,7,8,3,0
1246,1291,3,8,12,1,0
1247,1223,5,7,13,3,0
1248,1427,3,6,11,4,0
1249,1787,3,8,8,4,0
1250,2468,5,7,14,3,0
1251,1428,4,3,15,2,0
1252,340,4,3,20,1,0
1253,1467,5,7,7,3,0
1254,1420,2,5,18,1,0
1255,2555,1,4,10,3,0
1256,1650,2,5,12,2,0
1257,2329,5,8,17,3,0
1258,365,3,6,11,3,0
1259,1305,5,7,10,4,0
1260,733,5,7,8,2,0
1261,2559,2,5,17,1,0
1262,2270,4,3,18,3,0
1263,992,3,8,5,3,0
1264,2175,5,7,8,3,0
1265,275,4,3,17,2,0
1266,2269,5,7,14,3,0
1267,473,3,1,14,2,0
1268,1367,3,1,2,1,0
1269,425,2,5,18,2,0
1270,1603,5,7,16,2,0
1271,2582,5,7,11,4,0
1272,1601,3,6,17,1,0
1273,551,5,7,18,4,0
1274,2632,2,5,15,4,0
1275,1835,5,8,6,4,0
1276,372,2,5,NA,1,0
1277,562,2,2,NA,2,0
1278,83,2,5,11,4,0
1279,917,4,3,17,4,0
1280,2456,2,6,13,1,0
1281,2077,2,5,7,2,0
1282,757,5,7,7,3,0
1283,1728,5,7,6,3,0
1284,1494,2,5,6,1,0
1285,2284,5,6,NA,2,0
1286,886,3,1,10,2,0
1287,44,4,3,19,4,0
1288,272,4,3,18,2,0
1289,1059,3,6,17,1,0
1290,1563,5,8,6,2,0
1291,35,5,7,8,4,0
1292,1938,5,7,NA,3,0
1293,2344,2,5,14,2,0
1294,1609,5,7,18,3,0
1295,1904,5,7,14,3,0
1296,185,5,7,NA,3,0
1297,702,2,5,NA,1,0
1298,1953,2,5,18,2,0
1299,1754,5,6,7,2,0
1300,542,3,8,6,4,0
1301,1256,5,7,11,2,0
1302,1954,2,5,18,4,0
1303,620,5,7,8,3,0
1304,180,5,7,18,3,0
1305,1061,5,7,9,2,0
1306,450,5,8,4,3,0
1307,1323,4,3,17,3,0
1308,1462,3,8,13,1,0
1309,1393,5,6,16,2,0
1310,2427,3,6,17,1,0
1311,228,2,5,18,2,0
1312,341,2,5,20,1,0
1313,1409,2,5,NA,2,0
1314,2481,5,7,14,4,0
1315,1152,4,3,17,3,0
1316,703,5,7,8,2,0
1317,1790,5,6,16,1,0
1318,1972,5,7,12,2,0
1319,2142,4,3,8,4,0
1320,2279,4,6,NA,2,0
1321,1450,5,7,13,4,0
1322,1939,5,6,18,2,0
1323,2376,2,5,4,2,0
1324,2358,5,8,7,1,0
1325,631,2,5,NA,1,0
1326,2472,2,5,14,3,0
1327,1808,5,7,8,3,0
1328,2459,5,7,7,3,0
1329,2194,4,3,6,2,0
1330,1057,2,5,13,2,0
1331,2550,5,8,18,3,0
1332,2317,2,5,8,1,0
1333,2278,5,6,17,2,0
1334,2606,5,7,17,3,0
1335,2042,2,5,18,2,0
1336,2539,3,8,6,1,0
1337,1030,5,7,16,3,0
1338,907,2,7,17,2,0
1339,8,5,7,8,4,0
1340,1931,2,2,14,4,0
1341,623,3,8,5,3,0
1342,1303,5,7,4,4,0
1343,1689,5,7,15,4,0
1344,2070,5,7,18,4,0
1345,1446,3,8,NA,1,0
1346,2143,2,5,15,2,0
1347,547,4,3,17,1,0
1348,1123,4,3,10,1,0
1349,1891,5,7,6,4,0
1350,556,5,7,13,3,0
1351,1368,5,7,14,4,0
1352,1505,5,6,20,1,0
1353,1868,5,7,3,3,0
1354,1395,5,7,14,3,0
1355,1584,5,7,9,2,0
1356,898,5,7,9,4,0
1357,1883,5,7,18,3,0
1358,981,3,1,8,2,0
1359,951,2,5,NA,2,0
1360,1932,2,5,18,2,0
1361,1731,5,7,8,3,0
1362,1375,3,8,15,3,0
1363,1195,3,8,8,1,0
1364,2379,5,7,7,2,0
1365,2617,2,5,18,2,0
1366,2251,2,5,8,2,0
1367,1512,5,7,7,3,0
1368,708,2,8,18,1,0
1369,1565,3,6,17,1,0
1370,2368,3,8,6,1,0
1371,624,2,5,16,4,0
1372,2483,5,7,15,2,0
1373,960,5,7,6,3,0
1374,2057,2,6,8,2,0
1375,997,4,3,NA,3,0
1376,440,2,5,18,1,0
1377,1341,2,5,17,1,9
1378,866,5,8,14,1,0
1379,2300,2,4,14,4,0
1380,923,1,4,NA,1,0
1381,1381,5,7,7,3,0
1382,2482,2,5,17,2,0
1383,57,2,5,12,4,0
1384,461,2,5,15,2,0
1385,942,5,7,8,2,0
1386,1957,4,6,2,1,0
1387,279,3,1,14,2,0
1388,746,2,5,14,1,0
1389,2103,3,8,6,1,0
1390,374,2,5,7,4,0
1391,1068,2,5,18,1,0
1392,2101,2,4,12,2,0
1393,1362,5,7,8,3,0
1394,446,3,8,5,3,0
1395,199,3,6,17,1,0
1396,4,3,1,5,1,2
1397,1581,5,7,8,3,0
1398,2201,5,7,8,2,0
1399,2221,5,7,3,3,0
1400,2015,5,7,15,4,0
1401,1741,5,7,14,3,0
1402,2192,5,8,14,2,0
1403,1034,5,7,6,4,0
1404,1101,5,7,13,3,0
1405,2147,2,5,17,4,0
1406,2102,5,7,18,4,0
1407,2598,5,7,NA,3,0
1408,567,4,6,6,4,0
1409,166,4,3,18,1,0
1410,2133,5,7,8,4,0
1411,2403,3,8,10,4,0
1412,1934,5,7,17,3,0
1413,2608,2,8,18,4,0
1414,346,3,6,14,2,0
1415,589,2,5,17,4,0
1416,2238,5,8,11,2,0
1417,1758,4,3,18,2,0
1418,239,2,6,18,4,0
1419,801,5,7,17,3,0
1420,608,4,3,8,4,0
1421,702,2,5,18,1,0
1422,1151,2,5,17,2,0
1423,17,2,3,NA,2,0
1424,588,2,5,17,3,0
1425,999,2,5,18,2,0
1426,1595,5,7,15,3,0
1427,474,5,7,14,4,0
1428,1756,4,3,17,2,0
1429,1732,5,7,9,4,0
1430,2130,2,5,17,2,0
1431,2128,2,5,15,2,0
1432,1412,5,7,15,3,0
1433,2650,4,3,16,3,0
1434,967,2,5,14,1,0
1435,2139,5,7,14,3,0
1436,352,5,7,8,3,0
1437,1602,5,7,18,4,0
1438,1104,5,8,13,3,0
1439,1255,5,7,8,4,0
1440,537,5,6,17,2,0
1441,2099,3,6,11,3,0
1442,754,2,5,6,1,0
1443,1593,5,7,7,4,0
1444,2046,5,7,15,4,0
1445,2571,4,3,17,3,0
1446,972,2,5,16,3,0
1447,310,5,8,13,4,0
1448,2473,5,7,15,4,0
1449,2509,4,6,11,1,0
1450,1967,2,2,14,2,0
1451,1013,5,7,NA,3,0
1452,864,5,7,13,3,0
1453,1643,5,7,9,3,0
1454,2500,4,6,2,4,0
1455,775,4,6,15,2,0
1456,359,5,7,15,3,0
1457,1198,4,3,17,1,0
1458,998,5,7,16,3,0
1459,457,5,7,13,3,0
1460,2670,5,7,2,3,0
1461,1315,5,7,8,2,0
1462,2304,3,8,6,2,0
1463,1763,2,5,15,2,0
1464,152,3,1,14,2,0
1465,2131,5,8,8,4,0
1466,1553,2,5,8,1,0
1467,1534,2,5,13,2,0
1468,2319,5,7,16,3,0
1469,1935,3,8,15,3,0
1470,388,4,6,7,1,0
1471,1186,2,5,13,4,0
1472,928,1,4,16,2,0
1473,48,4,3,16,2,0
1474,1064,3,8,6,4,0
1475,2163,5,7,8,2,0
1476,2453,3,8,5,3,0
1477,1038,2,5,15,4,0
1478,1020,5,7,8,4,0
1479,1708,4,6,5,2,0
1480,2067,2,5,18,4,0
1481,1322,4,3,17,3,2
1482,728,2,5,5,2,0
1483,671,2,5,10,2,0
1484,2052,4,3,16,4,0
1485,1225,1,4,NA,1,0
1486,1437,5,8,15,4,0
1487,1054,2,5,NA,2,2
1488,324,5,7,18,3,0
1489,308,3,6,14,4,0
1490,2579,2,5,18,2,0
1491,1913,2,5,13,4,0
1492,1618,5,7,13,3,0
1493,258,2,5,6,3,0
1494,74,2,5,8,4,0
1495,159,5,7,18,3,0
1496,987,3,1,3,1,0
1497,1503,3,1,14,2,0
1498,1022,3,8,7,1,0
1499,2246,2,5,12,2,0
1500,2656,4,6,17,1,0
1501,659,5,7,16,3,0
1502,2322,5,7,14,4,0
1503,517,2,5,15,4,0
1504,493,5,7,14,4,0
1505,2274,2,2,14,4,0
1506,1985,3,1,7,1,0
1507,2160,5,7,13,3,0
1508,1069,5,7,8,3,0
1509,1253,5,6,18,2,0
1510,1124,5,7,19,3,0
1511,1155,5,7,13,4,0
1512,437,4,6,16,2,0
1513,1281,2,5,7,2,0
1514,1680,2,5,13,2,0
1515,1204,5,7,8,4,0
1516,1697,5,8,13,3,0
1517,268,4,3,14,3,0
1518,2328,4,3,20,1,0
1519,870,2,5,13,2,0
1520,1240,5,7,8,2,0
1521,2618,4,8,13,2,0
1522,622,5,8,17,3,0
1523,769,5,7,18,4,0
1524,1432,4,6,NA,2,0
1525,2448,3,6,11,3,0
1526,748,5,7,15,3,0
1527,866,5,8,NA,1,0
1528,906,3,1,14,2,0
1529,773,1,4,NA,1,0
1530,1009,2,5,NA,2,0
1531,1464,5,7,8,1,0
1532,2552,5,7,15,3,0
1533,1332,5,7,8,1,0
1534,807,5,7,18,3,0
1535,679,5,8,NA,2,0
1536,1147,2,5,7,4,0
1537,1326,2,6,16,4,0
1538,895,5,7,12,3,0
1539,479,5,7,14,4,0
1540,1573,5,7,14,4,0
1541,1837,5,7,15,4,0
1542,1708,4,6,NA,2,0
1543,2398,3,8,6,4,0
1544,616,2,5,15,4,0
1545,1679,4,3,6,2,0
1546,1199,4,3,17,2,0
1547,2193,5,7,7,4,0
1548,131,5,8,NA,1,0
1549,1571,5,7,8,4,0
1550,439,5,8,14,1,0
1551,2431,5,7,11,4,0
1552,697,4,3,17,4,0
1553,1261,5,7,16,3,0
1554,1200,5,8,NA,1,0
1555,1557,2,5,5,4,0
1556,1137,3,1,13,1,0
1557,1169,5,7,1,3,0
1558,690,4,6,7,2,0
1559,676,5,7,9,2,0
1560,2303,4,6,14,2,0
1561,219,5,7,6,4,0
1562,811,5,7,8,3,0
1563,2134,5,7,7,3,0
1564,734,4,3,15,1,0
1565,644,5,7,9,2,0
1566,242,5,7,8,2,0
1567,468,5,7,16,3,0
1568,1306,4,3,9,1,0
1569,386,4,6,15,4,0
1570,1733,3,6,11,2,0
1571,615,2,5,18,2,0
1572,1628,2,5,12,2,0
1573,1434,5,7,6,4,0
1574,1049,2,5,18,2,0
1575,500,5,7,7,3,0
1576,1411,5,7,8,4,0
1577,477,5,7,9,3,0
1578,2418,5,7,13,3,0
1579,2178,5,7,16,2,0
1580,1355,5,7,16,3,0
1581,2113,1,4,NA,1,0
1582,2181,5,8,NA,1,0
1583,1711,3,6,11,3,0
1584,436,2,5,14,1,2
1585,1423,5,7,8,4,0
1586,2529,1,4,7,1,0
1587,1202,5,7,6,4,0
1588,872,5,7,15,4,0
1589,2615,5,7,13,3,0
1590,2540,5,7,14,2,0
1591,2271,3,6,3,3,0
1592,604,1,4,NA,1,0
1593,1090,2,6,18,4,0
1594,648,5,7,18,3,0
1595,2646,2,5,11,1,0
1596,2016,1,4,NA,3,0
1597,439,5,8,NA,1,0
1598,1966,5,7,8,2,0
1599,1473,5,7,13,3,0
1600,1010,5,6,11,2,0
1601,2405,5,7,8,3,0
1602,1851,4,3,16,2,0
1603,2449,5,7,15,3,0
1604,2222,5,7,15,3,0
1605,903,3,6,17,1,0
1606,266,2,5,13,1,0
1607,1683,5,7,18,4,0
1608,2476,3,1,9,1,0
1609,1767,4,6,10,2,0
1610,1443,2,5,6,4,0
1611,2005,5,7,15,3,0
1612,1049,2,5,NA,2,0
1613,661,4,3,13,1,0
1614,495,2,5,14,2,0
1615,86,5,7,5,3,0
1616,2605,5,7,16,3,0
1617,2264,5,7,7,3,0
1618,1163,5,7,13,3,0
1619,2429,5,7,18,3,0
1620,144,3,1,6,2,0
1621,730,2,5,16,2,0
1622,1342,2,5,15,1,0
1623,1830,5,7,15,3,0
1624,2426,4,3,20,1,0
1625,1671,5,7,7,3,0
1626,1337,2,5,18,2,0
1627,2366,3,1,16,1,0
1628,1982,5,7,18,4,0
1629,49,4,3,18,3,0
1630,176,5,7,18,3,0
1631,1646,5,7,18,3,0
1632,2019,5,7,18,4,0
1633,1454,2,5,18,1,0
1634,2122,2,5,17,2,0
1635,2512,2,5,15,2,0
1636,839,5,7,7,2,0
1637,2594,5,7,13,3,0
1638,897,2,5,17,4,0
1639,2413,4,3,8,4,0
1640,1193,2,5,7,3,0
1641,555,5,8,13,3,0
1642,2387,2,5,17,2,0
1643,2149,5,7,8,3,0
1644,343,5,7,16,3,0
1645,1521,5,7,15,4,0
1646,2378,2,2,14,2,0
1647,34,4,3,18,2,0
1648,2601,2,5,15,2,0
1649,1451,5,7,14,3,0
1650,2667,3,6,17,1,0
1651,1531,5,8,15,2,0
1652,2399,3,6,14,3,0
1653,2325,5,7,7,3,0
1654,42,5,7,8,2,0
1655,952,2,5,14,2,0
1656,2313,2,5,18,4,0
1657,2334,2,8,18,2,0
1658,313,5,6,17,2,0
1659,1590,5,7,18,3,0
1660,1725,2,5,12,4,0
1661,327,4,6,5,1,0
1662,270,5,7,3,3,0
1663,2305,5,7,8,3,0
1664,2169,2,5,18,2,0
1665,400,5,7,18,3,0
1666,591,2,5,18,1,0
1667,1063,3,8,11,3,0
1668,2081,5,7,18,2,0
1669,1243,5,7,18,3,0
1670,344,5,7,15,4,0
1671,394,5,7,13,4,0
1672,155,5,7,20,2,0
1673,1091,5,7,9,4,0
1674,1977,5,7,18,3,0
1675,1153,5,7,NA,3,0
1676,1814,2,5,8,2,0
1677,1973,5,7,18,4,0
1678,1329,1,4,7,2,0
1679,233,5,8,15,2,0
1680,1610,5,7,3,2,0
1681,6,5,7,6,3,0
1682,609,5,7,18,3,0
1683,1761,4,6,17,1,0
1684,2324,5,7,18,4,0
1685,1466,5,7,6,3,0
1686,654,1,4,7,1,0
1687,2619,3,6,17,1,0
1688,1608,4,3,17,2,0
1689,603,5,7,13,3,0
1690,2144,5,7,0,3,0
1691,1654,3,8,13,1,0
1692,777,5,7,8,3,0
1693,1263,5,7,14,3,0
1694,2421,5,7,8,2,0
1695,2430,5,7,8,3,0
1696,1170,5,8,13,4,0
1697,1264,5,7,8,3,0
1698,1471,4,6,NA,1,0
1699,1378,1,4,NA,1,0
1700,1483,5,7,8,3,0
1701,2039,2,1,15,1,0
1702,1729,2,5,7,1,0
1703,1188,5,7,5,3,0
1704,1217,5,7,8,2,0
1705,2173,3,6,17,1,0
1706,431,5,7,18,4,0
1707,1302,5,6,17,1,0
1708,2410,5,7,18,3,0
1709,1500,2,5,NA,1,0
1710,1130,2,5,18,2,0
1711,360,5,7,8,3,0
1712,1544,5,7,13,3,0
1713,2678,4,8,12,4,0
1714,402,5,7,12,3,0
1715,2589,4,6,10,2,0
1716,1510,5,8,NA,1,0
1717,681,5,6,19,4,0
1718,2176,2,6,7,1,0
1719,538,5,7,NA,3,0
1720,1041,4,3,15,1,0
1721,148,5,7,18,3,0
1722,2585,4,6,5,1,0
1723,2450,3,8,10,4,0
1724,1684,5,7,3,3,0
1725,1506,4,3,20,1,0
1726,1793,5,7,NA,3,0
1727,1952,5,8,18,4,0
1728,605,5,7,6,4,0
1729,1714,5,8,15,2,0
1730,1820,2,5,18,1,0
1731,519,5,8,13,3,0
1732,257,5,8,13,3,0
1733,1251,2,2,14,4,0
1734,2556,2,6,18,4,0
1735,985,2,5,14,2,0
1736,163,2,5,19,2,0
1737,1222,2,5,18,4,0
1738,1107,2,6,19,2,0
1739,253,2,8,18,2,0
1740,76,5,7,7,3,0
1741,579,2,2,NA,4,0
1742,1379,2,5,15,2,0
1743,1006,3,8,11,1,0
1744,1415,3,8,9,4,0
1745,10,5,7,16,4,0
1746,1673,2,5,18,1,0
1747,518,3,8,14,2,0
1748,1654,3,8,NA,1,0
1749,2249,5,7,15,3,0
1750,214,5,7,18,4,0
1751,901,5,7,15,3,0
1752,701,5,7,17,3,0
1753,687,5,7,9,3,0
1754,196,2,6,18,4,0
1755,742,5,7,18,3,0
1756,683,5,7,18,2,0
1757,549,5,7,8,4,0
1758,2678,4,8,NA,4,0
1759,132,5,7,15,3,0
1760,1812,3,6,17,1,0
1761,524,5,7,8,3,0
1762,574,2,5,15,1,0
1763,1401,3,1,9,2,0
1764,739,3,8,7,2,0
1765,1881,5,7,6,4,0
1766,2652,3,1,15,2,0
1767,930,1,4,NA,1,0
1768,1770,5,7,13,3,0
1769,2240,4,6,17,1,0
1770,1179,2,4,11,4,0
1771,133,5,7,16,4,0
1772,2440,5,7,12,2,0
1773,2239,5,7,8,3,0
1774,215,5,7,6,4,0
1775,2263,4,3,19,3,0
1776,411,5,8,7,1,0
1777,2155,3,1,15,2,0
1778,320,5,7,18,4,0
1779,546,5,6,16,1,0
1780,230,4,3,16,2,0
1781,14,2,5,17,4,0
1782,1055,3,8,9,2,0
1783,1159,3,6,14,2,0
1784,497,5,7,18,3,0
1785,2064,2,5,15,2,0
1786,1218,5,7,20,2,0
1787,29,1,4,14,3,0
1788,2152,2,5,12,4,0
1789,879,5,8,7,1,0
1790,2302,4,3,9,2,0
1791,2170,4,8,13,4,0
1792,1271,5,7,14,4,0
1793,69,5,8,NA,2,0
1794,1771,5,8,17,2,0
1795,951,2,5,17,2,0
1796,2560,5,8,13,3,0
1797,501,5,7,6,3,0
1798,373,2,5,4,3,0
1799,1102,1,4,NA,1,0
1800,1748,4,3,6,2,0
1801,2545,2,5,17,4,0
1802,2576,5,7,15,3,0
1803,1963,5,7,17,3,0
1804,862,2,5,20,2,0
1805,1162,2,5,NA,2,0
1806,520,2,6,14,4,0
1807,599,3,8,14,2,0
1808,797,4,3,20,1,0
1809,208,4,3,16,2,0
1810,2323,3,6,11,4,0
1811,1139,5,7,13,3,0
1812,1810,5,7,18,4,0
1813,2296,4,6,NA,2,0
1814,2165,3,1,16,4,0
1815,936,5,7,13,4,0
1816,977,4,3,16,2,0
1817,510,5,7,17,3,0
1818,2340,5,7,12,3,0
1819,1120,2,5,18,3,0
1820,72,4,3,17,4,0
1821,1324,5,7,8,3,0
1822,1127,5,7,15,3,0
1823,287,4,6,NA,1,0
1824,333,4,3,18,3,0
1825,1520,3,1,3,1,0
1826,685,5,7,13,3,0
1827,913,3,1,16,2,0
1828,577,5,7,13,4,0
1829,2414,3,8,7,1,0
1830,492,5,8,15,3,0
1831,1886,2,5,17,4,0
1832,1497,2,6,13,1,0
1833,2347,5,7,12,2,0
1834,2591,5,8,16,3,0
1835,2162,5,7,13,3,0
1836,1273,5,7,8,1,0
1837,1927,5,7,11,3,0
1838,2478,4,6,6,2,0
1839,522,5,7,20,3,0
1840,1598,3,1,14,2,0
1841,1586,5,7,12,4,0
1842,33,5,7,13,3,0
1843,2098,2,5,15,2,0
1844,2668,5,7,16,4,0
1845,531,5,7,8,2,0
1846,2326,5,7,NA,3,0
1847,1840,5,7,18,4,0
1848,754,2,5,10,1,0
1849,150,5,7,18,3,0
1850,475,5,7,8,1,0
1851,2391,4,3,14,3,0
1852,2110,5,7,8,1,0
1853,1442,5,7,14,2,0
1854,2634,4,3,6,4,0
1855,2167,5,7,7,3,0
1856,2080,3,6,11,4,0
1857,706,5,7,8,2,0
1858,996,2,5,10,1,0
1859,571,2,5,10,2,0
1860,480,5,7,6,4,0
1861,137,5,7,18,3,0
1862,298,2,5,18,3,0
1863,865,5,7,18,3,0
1864,505,4,6,NA,2,0
1865,929,4,3,20,1,0
1866,1021,2,5,17,1,0
1867,32,4,3,15,2,0
1868,716,5,7,8,3,0
1869,75,5,7,16,4,0
1870,1786,5,7,6,4,0
1871,1063,3,8,NA,3,0
1872,1553,2,4,7,1,0
1873,1122,5,7,13,3,0
1874,1884,2,5,18,4,0
1875,1383,5,7,2,3,0
1876,557,5,7,15,3,0
1877,260,5,8,NA,1,0
1878,2101,2,4,NA,2,0
1879,1066,5,7,8,2,0
1880,1023,2,2,14,2,0
1881,2445,5,7,15,3,0
1882,1291,3,8,NA,1,0
1883,675,2,5,17,4,0
1884,188,5,7,8,3,0
1885,1587,4,3,6,3,0
1886,478,5,7,6,4,0
1887,2085,2,5,6,4,0
1888,847,3,1,14,2,0
1889,1203,2,1,15,2,0
1890,2566,5,7,16,3,0
1891,2083,5,7,15,3,0
1892,633,2,5,11,3,0
1893,404,2,5,17,2,0
1894,1426,5,8,10,1,0
1895,2087,2,6,18,2,0
1896,2292,5,7,12,3,0
1897,218,5,7,14,3,0
1898,46,4,3,13,1,0
1899,1624,2,5,17,3,0
1900,1150,5,7,18,4,0
1901,1109,3,1,14,2,0
1902,24,5,7,6,2,0
1903,1425,4,3,18,3,0
1904,2597,5,7,16,3,0
1905,1933,5,7,8,2,0
1906,1175,2,5,10,2,0
1907,281,5,7,7,3,0
1908,1841,5,8,5,4,0
1909,2118,5,7,8,2,0
1910,2461,3,8,0,1,0
1911,1819,2,5,15,1,0
1912,1510,5,8,14,1,0
1913,2469,5,7,8,3,0
1914,1832,5,7,16,3,0
1915,2245,5,7,12,3,0
1916,82,5,7,16,4,0
1917,1257,5,7,8,3,0
1918,2256,5,7,15,3,0
1919,2661,4,3,15,1,0
1920,463,5,7,12,4,0
1921,1032,5,8,15,4,0
1922,2564,4,6,5,4,0
1923,2023,2,8,18,1,0
1924,1220,5,7,12,2,0
1925,1050,5,8,15,2,0
1926,2639,4,3,15,2,0
1927,204,2,5,8,4,0
1928,1014,2,5,20,2,0
1929,1658,5,7,8,2,0
1930,2153,2,5,14,2,0
1931,1888,3,6,11,2,0
1932,1001,4,3,20,2,0
1933,1102,1,4,7,1,0
1934,415,5,7,NA,3,0
1935,682,5,7,17,3,0
1936,973,2,5,18,1,0
1937,2491,5,6,15,2,0
1938,1530,2,5,14,2,0
1939,1622,3,1,15,2,0
1940,1666,5,7,9,4,0
1941,1508,3,6,16,1,0
1942,1028,4,6,16,1,0
1943,1941,5,7,8,3,0
1944,63,5,7,7,4,0
1945,922,4,3,19,1,0
1946,2420,2,2,14,2,0
1947,160,5,8,14,2,0
1948,766,5,7,13,3,0
1949,1969,5,7,12,4,0
1950,2268,2,7,5,2,0
1951,1339,5,7,16,3,0
1952,535,5,7,13,4,0
1953,750,5,7,8,2,0
1954,1919,5,7,7,3,0
1955,2536,3,1,14,2,0
1956,189,5,7,18,2,0
1957,2511,3,6,NA,3,0
1958,1338,2,5,19,3,0
1959,432,2,5,6,4,0
1960,40,5,7,18,3,0
1961,2307,4,3,7,3,0
1962,529,4,3,16,3,0
1963,1669,2,5,18,2,0
1964,2199,5,7,9,4,0
1965,761,5,8,5,4,0
1966,662,3,6,11,2,0
1967,2065,4,6,1,1,0
1968,2290,5,7,13,3,0
1969,99,2,5,18,4,0
1970,2275,2,5,17,2,0
1971,1765,2,5,NA,2,0
1972,1907,2,5,17,1,0
1973,941,3,6,17,1,0
1974,418,5,7,15,3,0
1975,818,4,6,10,2,0
1976,2154,2,1,18,1,0
1977,184,2,5,18,1,0
1978,1778,2,5,17,4,0
1979,1660,5,8,14,1,0
1980,2384,3,1,NA,1,0
1981,157,2,5,18,2,0
1982,1607,2,5,12,2,0
1983,1801,5,7,5,4,0
1984,1452,4,3,17,2,0
1985,2614,5,7,16,4,0
1986,2443,2,5,18,4,0
1987,243,1,4,12,2,0
1988,2121,2,5,18,2,0
1989,306,4,3,10,2,0
1990,2234,5,7,8,2,0
1991,1468,5,7,8,2,0
1992,363,4,3,7,3,0
1993,283,2,5,18,1,0
1994,213,2,5,17,4,0
1995,1498,4,3,19,3,0
1996,5,5,7,6,3,0
1997,964,2,6,18,4,0
1998,580,2,5,13,2,1
1999,179,3,1,14,2,0
2000,2462,5,7,13,3,0
2001,162,5,7,8,3,0
2002,1515,5,7,14,3,0
2003,974,3,8,5,1,0
2004,667,4,3,20,2,0
2005,1567,3,6,14,4,0
2006,2091,5,7,18,3,0
2007,138,5,7,18,3,0
2008,869,4,3,12,4,0
2009,1583,4,3,18,1,0
2010,1279,5,7,NA,3,0
2011,2349,5,7,0,4,0
2012,1197,3,1,2,3,0
2013,1478,3,6,11,3,0
2014,1736,4,3,17,2,0
2015,1958,2,5,12,2,0
2016,1796,2,5,NA,1,0
2017,1707,2,5,16,4,0
2018,136,5,7,7,4,0
2019,1569,5,7,8,4,0
2020,1639,5,8,13,4,0
2021,2574,5,7,18,4,0
2022,1579,2,5,12,1,0
2023,2010,5,7,8,4,0
2024,2460,5,7,8,3,0
2025,2547,5,8,9,4,0
2026,1249,5,7,18,2,0
2027,988,5,7,18,1,0
2028,1373,5,7,13,4,0
2029,301,5,7,12,4,0
2030,1877,2,5,14,4,0
2031,2281,5,7,12,2,0
2032,1740,2,5,17,2,0
2033,1620,4,3,17,2,0
2034,2348,5,7,NA,3,0
2035,276,4,3,15,1,0
2036,598,4,3,15,2,0
2037,2027,5,7,7,2,0
2038,2350,4,3,20,1,0
2039,1615,3,1,15,2,0
2040,2526,5,6,NA,2,0
2041,2526,5,6,14,2,0
2042,443,2,2,14,2,0
2043,873,5,7,7,3,0
2044,934,2,5,17,2,0
2045,2212,2,5,14,2,0
2046,1502,5,7,17,3,0
2047,2205,2,5,17,4,0
2048,851,5,7,15,3,0
2049,273,5,7,6,4,0
2050,2513,5,8,2,3,0
2051,2613,5,7,8,3,0
2052,665,5,7,7,4,0
2053,1755,5,7,8,3,0
2054,1924,5,8,13,4,0
2055,1997,2,6,19,2,0
2056,1528,5,8,7,4,0
2057,569,5,8,NA,1,0
2058,1621,5,7,8,2,0
2059,954,5,7,16,3,0
2060,109,5,7,18,3,0
2061,1327,3,1,13,2,0
2062,1843,2,5,17,2,0
2063,760,2,5,18,2,0
2064,552,5,7,18,3,0
2065,2493,4,3,19,2,0
2066,2237,5,7,14,1,0
2067,1791,1,4,7,1,0
2068,1578,2,3,5,4,1
2069,438,3,8,12,1,0
2070,2001,5,7,16,3,0
2071,1239,5,8,14,2,0
2072,1436,2,5,18,1,0
2073,2514,3,8,14,1,0
2074,2622,5,8,18,1,0
2075,1956,5,7,18,3,0
2076,1060,5,7,19,2,0
2077,1518,5,7,15,4,0
2078,1354,2,5,15,2,0
2079,2106,4,3,18,4,0
2080,1764,5,7,13,3,0
2081,264,2,5,17,2,0
2082,2045,2,5,15,4,0
2083,1227,5,7,11,4,0
2084,1500,2,5,15,1,0
2085,1027,4,6,17,1,0
2086,515,3,1,15,2,0
2087,1154,5,7,7,3,0
2088,1166,4,3,15,1,0
2089,1570,5,7,6,4,0
2090,1604,5,7,16,3,0
2091,1911,3,1,7,2,0
2092,271,5,7,NA,3,0
2093,1143,3,6,17,1,0
2094,1815,2,2,14,4,0
2095,688,4,6,11,1,0
2096,2026,5,7,14,3,0
2097,2158,4,3,14,1,0
2098,1976,5,7,17,3,0
2099,2108,2,5,12,1,0
2100,1384,2,2,14,2,0
2101,1826,5,7,16,3,0
2102,1523,2,6,18,4,0
2103,1797,2,5,13,2,0
2104,1479,2,5,15,2,0
2105,1962,2,5,18,2,0
2106,705,5,7,18,3,0
2107,2236,5,7,16,3,0
2108,2665,5,7,18,3,0
2109,1605,3,8,6,1,0
2110,2261,3,6,11,3,0
2111,1321,4,6,11,1,0
2112,1520,3,1,13,1,0
2113,1699,5,7,8,1,0
2114,2093,5,7,18,4,0
2115,1636,4,3,18,4,0
2116,1007,4,3,18,3,0
2117,561,2,5,6,2,0
2118,1100,5,7,8,3,0
2119,2206,2,7,17,2,0
2120,1035,5,7,16,3,0
2121,1548,4,6,9,1,0
2122,652,2,5,18,1,0
2123,2213,2,5,18,2,0
2124,2554,5,7,10,3,0
2125,1860,2,2,14,2,0
2126,2653,5,7,6,4,0
2127,2577,3,1,15,2,0
2128,1836,4,8,NA,4,0
2129,2505,4,3,17,3,1
2130,1405,5,7,15,3,0
2131,2400,2,5,14,2,0
2132,316,4,6,14,1,0
2133,1191,3,6,11,3,0
2134,548,2,5,14,2,0
2135,342,2,5,7,2,0
2136,2253,5,8,17,4,0
2137,1981,2,5,12,2,0
2138,891,5,7,18,3,0
2139,1734,3,1,9,1,0
2140,1899,4,6,11,2,0
2141,532,5,7,2,3,0
2142,2657,2,8,18,4,0
2143,231,5,7,14,3,0
2144,989,4,3,18,2,0
2145,1688,2,5,20,1,0
2146,1441,4,3,20,2,0
2147,2395,5,7,8,3,0
2148,1062,5,7,8,1,0
2149,194,5,8,5,3,0
2150,282,3,6,14,4,0
2151,902,5,7,13,4,0
2152,1724,2,5,7,4,0
2153,1268,5,6,18,2,0
2154,1833,5,7,8,3,0
2155,172,4,3,18,4,0
2156,1648,5,7,8,2,0
2157,1821,5,7,18,3,0
2158,774,5,7,18,3,0
2159,1906,5,7,6,3,0
2160,1838,4,3,18,1,0
2161,1382,4,6,6,3,0
2162,1630,2,6,8,1,0
2163,1292,2,7,17,2,0
2164,846,2,2,14,2,0
2165,990,2,5,13,2,0
2166,2551,5,7,8,3,0
2167,1344,4,3,6,3,0
2168,919,2,5,17,2,0
2169,2642,4,6,19,1,0
2170,2025,5,7,15,3,0
2171,2474,5,7,14,3,0
2172,2309,5,7,8,4,0
2173,770,5,8,15,2,0
2174,1750,2,5,17,2,0
2175,1224,5,7,8,2,0
2176,153,3,1,15,1,5
2177,955,5,7,NA,3,0
2178,2338,5,7,15,3,0
2179,1494,2,5,10,1,0
2180,51,5,7,13,3,0
2181,1242,5,7,6,3,0
2182,2533,5,7,12,3,0
2183,1667,5,7,6,4,0
2184,2553,3,8,6,4,0
2185,354,5,7,6,3,0
2186,1539,5,7,6,3,0
2187,181,5,7,9,4,0
2188,2345,5,7,8,3,0
2189,809,5,7,16,3,0
2190,1566,3,6,17,1,0
2191,1444,4,3,15,2,0
2192,1287,2,5,18,4,0
2193,1979,5,7,8,3,0
2194,1316,5,8,17,3,0
2195,2145,5,7,8,4,0
2196,424,5,7,NA,3,0
2197,395,5,7,8,4,0
2198,2332,5,7,17,3,0
2199,1290,5,7,7,3,0
2200,860,5,7,18,3,0
2201,238,5,6,18,2,0
2202,755,5,6,17,2,0
2203,2422,5,8,14,3,0
2204,1465,2,5,13,4,0
2205,2371,3,6,11,3,0
2206,1672,5,7,18,2,0
2207,2672,5,7,18,3,0
2208,715,5,7,14,3,0
2209,348,5,7,9,3,0
2210,1797,2,5,NA,2,0
2211,2058,5,7,16,4,0
2212,2279,4,6,6,2,0
2213,1173,5,7,16,4,0
2214,2038,4,3,16,3,0
2215,490,2,5,7,4,0
2216,1146,5,7,8,3,0
2217,2048,2,5,14,2,0
2218,825,2,5,20,2,0
2219,1241,2,5,NA,2,0
2220,1795,1,4,11,2,0
2221,2383,4,3,8,4,0
2222,871,5,7,15,3,0
2223,127,4,6,5,1,0
2224,434,1,4,13,3,0
2225,1396,4,3,20,1,0
2226,350,3,8,6,2,0
2227,824,3,1,16,1,3
2228,893,3,1,20,2,0
2229,937,5,7,18,4,0
2230,2255,3,8,10,2,0
2231,2108,2,5,3,1,0
2232,1822,5,7,16,3,0
2233,1086,5,7,18,4,0
2234,1730,2,5,12,2,0
2235,1048,4,3,14,3,0
2236,198,5,6,16,2,0
2237,2572,5,7,8,3,0
2238,976,2,5,19,2,0
2239,2488,2,5,17,4,0
2240,1320,2,5,15,4,0
2241,2315,5,7,15,3,0
2242,2207,5,8,6,2,0
2243,100,2,5,13,2,0
2244,502,2,5,17,4,0
2245,1284,3,6,14,4,0
2246,158,3,8,6,1,0
2247,2321,2,5,12,4,0
2248,1588,4,6,4,1,0
2249,1818,5,7,8,3,0
2250,2320,2,5,14,3,0
2251,1247,4,3,17,4,0
2252,485,5,7,8,4,0
2253,2017,5,7,NA,3,0
2254,1885,5,7,8,1,0
2255,1245,2,5,18,1,0
2256,2521,5,7,5,4,0
2257,731,4,3,17,4,0
2258,2620,5,7,16,3,0
2259,1702,5,7,15,3,0
2260,156,2,5,12,3,0
2261,2583,3,8,6,3,0
2262,1024,5,7,7,2,0
2263,2327,4,3,14,1,0
2264,2296,4,6,14,2,0
2265,1207,5,8,15,1,0
2266,1774,5,7,18,3,0
2267,514,2,1,18,1,0
2268,1184,2,6,6,3,0
2269,1183,5,8,7,1,0
2270,1176,3,8,15,4,0
2271,312,4,6,15,2,0
2272,2630,2,5,15,1,0
2273,2259,5,7,16,3,0
2274,1029,2,5,0,1,0
2275,2524,2,5,18,4,0
2276,376,5,7,17,3,0
2277,1275,4,6,8,4,0
2278,576,5,7,2,3,0
2279,387,2,5,16,4,0
2280,1288,5,7,7,4,0
2281,553,2,5,8,2,0
2282,1945,5,7,8,1,0
2283,1237,2,5,17,4,0
2284,482,5,7,7,3,0
2285,1300,2,5,15,2,0
2286,154,3,6,8,3,0
2287,878,2,5,18,2,0
2288,37,2,5,15,2,0
2289,1343,5,7,14,2,0
2290,1729,2,5,9,1,0
2291,2588,4,3,18,1,0
2292,383,5,7,4,3,0
2293,309,2,5,11,2,0
2294,2680,5,7,13,3,0
2295,1805,4,6,NA,2,0
2296,2024,5,7,12,2,0
2297,813,5,7,18,3,0
2298,2346,5,7,NA,3,0
2299,645,2,5,8,2,0
2300,2190,4,6,13,2,0
2301,729,5,7,8,2,0
2302,2159,5,8,13,4,0
2303,174,4,3,15,1,0
2304,726,2,8,18,1,0
2305,1762,3,1,13,2,0
2306,2660,5,7,8,1,0
2307,780,4,6,17,1,0
2308,1413,4,3,17,2,0
2309,61,3,8,8,3,0
2310,1726,5,7,15,3,0
2311,2648,2,1,15,2,0
2312,2187,4,6,15,4,0
2313,1642,5,8,13,4,0
2314,2388,5,7,7,3,0
2315,2171,4,6,14,2,0
2316,2625,5,7,8,3,0
2317,1455,5,7,18,4,0
2318,2419,5,7,7,3,0
2319,2289,4,6,6,2,0
2320,1959,3,6,11,3,0
2321,2535,2,7,16,3,0
2322,1870,2,5,17,1,0
2323,803,2,2,14,4,0
2324,28,2,5,15,2,0
2325,804,4,3,7,4,0
2326,1172,2,5,20,2,0
2327,494,2,5,11,4,0
2328,1769,4,3,14,1,0
2329,918,5,7,13,4,0
2330,252,2,5,16,4,0
2331,1915,5,7,8,3,0
2332,1105,3,1,4,1,0
2333,1440,4,3,18,3,5
2334,87,4,3,19,1,2
2335,983,4,3,20,1,0
2336,429,2,2,16,4,0
2337,512,5,7,1,4,0
2338,2352,5,7,6,4,0
2339,1408,5,7,7,3,0
2340,1080,4,3,7,2,0
2341,1208,5,7,8,3,0
2342,1718,5,6,16,1,0
2343,2113,1,4,7,1,0
2344,1219,5,8,18,1,0
2345,2575,4,3,14,3,0
2346,1333,4,6,15,4,0
2347,656,5,7,13,4,0
2348,1585,5,7,8,4,0
2349,1894,5,7,6,4,0
2350,651,3,8,6,1,0
2351,877,5,7,NA,3,0
2352,2669,5,7,13,3,0
2353,2580,2,5,18,4,0
2354,1435,5,7,8,2,0
2355,1784,5,7,15,3,3
2356,2022,2,5,15,2,0
2357,963,5,7,9,4,0
2358,1511,2,5,9,1,0
2359,2369,5,7,5,4,0
2360,4,3,1,11,1,3
2361,573,5,7,8,3,0
2362,2200,5,8,14,3,0
2363,2054,5,8,NA,1,0
2364,1195,3,8,6,1,0
2365,65,2,2,14,4,0
2366,1229,2,5,17,4,0
2367,1949,5,7,10,4,0
2368,2216,2,6,18,3,0
2369,370,2,8,15,3,0
2370,2359,5,7,8,3,0
2371,541,3,6,6,4,0
2372,1791,1,4,NA,1,0
2373,1998,5,7,6,3,0
2374,1463,2,5,18,2,0
2375,2414,3,8,6,1,0
2376,1988,2,2,14,4,0
2377,1799,5,7,8,4,0
2378,1853,5,7,15,3,0
2379,1079,5,7,13,4,0
2380,2016,1,4,15,3,0
2381,70,3,8,13,4,0
2382,1698,3,6,14,2,0
2383,883,2,4,8,1,0
2384,1965,3,6,16,3,0
2385,2515,4,3,18,2,0
2386,2242,5,7,13,3,0
2387,1328,5,7,8,4,0
2388,1430,5,7,12,4,0
2389,2151,4,6,13,1,0
2390,1207,5,8,NA,1,0
2391,1008,3,1,16,1,0
2392,1480,5,7,6,3,0
2393,2417,4,3,17,2,0
2394,2086,4,3,16,4,0
2395,1105,3,1,12,1,0
2396,1334,4,3,17,4,0
2397,1026,2,5,8,2,0
2398,832,5,7,16,3,0
2399,1098,5,7,18,3,0
2400,1067,5,7,16,4,0
2401,1948,2,5,13,4,0
2402,16,5,7,15,3,0
2403,2230,5,7,13,4,0
2404,2166,5,7,15,3,0
2405,1469,5,7,16,3,0
2406,2394,5,7,18,3,0
2407,536,1,4,15,2,0
2408,261,3,1,16,2,0
2409,740,5,7,13,3,0
2410,612,2,5,NA,1,0
2411,940,4,6,14,2,0
2412,2009,5,7,6,4,0
2413,2032,5,7,16,3,0
2414,1187,3,6,14,3,0
2415,1720,5,7,8,3,0
2416,947,4,3,17,3,0
2417,222,5,7,12,4,0
2418,767,5,7,18,3,0
2419,476,5,7,11,2,0
2420,225,3,8,10,4,0
2421,98,5,7,13,1,0
2422,1856,5,7,15,3,0
2423,857,5,7,8,3,0
2424,613,2,2,14,2,0
2425,2120,2,5,13,2,0
2426,2538,2,5,3,1,0
2427,236,5,7,18,3,0
2428,1777,2,5,9,2,0
2429,1168,5,7,13,4,0
2430,900,4,3,17,2,0
2431,1951,2,5,15,4,0
2432,1283,2,5,18,1,0
2433,982,2,5,18,1,0
2434,1492,5,7,8,2,0
2435,2126,4,6,14,1,0
2436,1869,2,5,17,2,0
2437,2494,3,1,15,2,0
2438,1955,5,7,15,3,0
2439,1780,2,5,15,3,0
2440,1719,4,6,6,2,0
2441,1738,4,3,20,1,0
2442,1901,4,6,1,2,0
2443,1310,2,5,15,2,0
2444,631,2,5,18,1,0
2445,843,5,7,11,3,0
2446,2384,3,1,16,1,6
2447,578,4,6,15,2,0
2448,18,1,4,NA,1,0
2449,874,2,6,15,4,0
2450,330,3,6,11,2,0
2451,1536,2,5,15,1,0
2452,444,5,6,15,1,0
2453,1871,5,7,18,4,0
2454,1849,5,7,8,4,0
2455,467,5,7,8,3,0
2456,889,1,4,4,1,0
2457,1701,5,7,12,3,0
2458,110,5,7,13,3,0
2459,1350,4,3,20,1,0
2460,1296,4,3,17,4,0
2461,987,3,1,13,1,0
2462,1016,5,8,8,4,0
2463,938,2,5,15,2,0
2464,212,3,8,1,2,0
2465,2584,4,6,17,1,0
2466,1564,5,7,9,3,0
2467,1295,5,7,9,3,0
2468,806,2,5,18,1,0
2469,528,2,5,17,4,0
2470,2629,2,5,18,2,0
2471,976,2,5,19,2,0
2472,203,4,3,17,3,0
2473,135,5,7,13,4,0
2474,17,2,3,6,2,0
2475,1181,2,5,16,3,0
2476,116,3,1,17,4,0
2477,604,1,4,7,1,0
2478,2029,5,7,8,3,0
2479,1507,5,7,7,3,0
2480,858,5,7,6,3,0
2481,1947,4,6,16,2,0
2482,336,5,7,NA,3,0
2483,2586,4,3,17,2,0
2484,2519,3,6,13,3,0
2485,1661,2,5,10,2,0
2486,602,5,7,9,2,0
2487,2272,5,7,15,3,0
2488,314,1,4,NA,1,0
2489,84,5,7,18,4,0
2490,635,3,6,16,1,0
2491,1558,5,7,15,3,0
2492,1932,2,5,NA,2,0
2493,1065,3,8,6,4,0
2494,1685,3,1,NA,3,0
2495,2633,3,1,15,2,0
2496,2647,4,6,14,1,0
2497,1106,5,7,16,3,0
2498,1657,2,5,17,4,0
2499,250,5,7,13,3,0
2500,496,4,3,17,4,0
2501,700,5,7,13,3,0
2502,2161,5,7,8,3,0
2503,1461,4,3,17,3,0
2504,2050,5,7,18,3,0
2505,2433,5,7,8,3,0
2506,619,5,7,8,2,0
2507,2542,5,7,3,3,0
2508,647,3,1,9,2,0
2509,234,3,1,16,4,0
2510,1990,5,7,9,3,0
2511,321,2,2,14,4,0
2512,783,5,7,18,3,0
2513,2097,5,7,13,3,0
2514,1386,1,4,NA,1,0
2515,1370,5,7,7,3,0
2516,1225,1,4,7,1,0
2517,105,5,7,15,3,0
2518,227,3,1,17,2,0
2519,795,3,6,13,2,0
2520,2432,3,6,16,3,0
2521,2673,2,5,18,1,0
2522,724,1,4,7,1,0
2523,1254,3,6,14,2,0
2524,885,2,5,14,2,0
2525,689,2,5,14,4,0
2526,950,5,7,16,3,0
2527,13,5,7,13,3,0
2528,334,5,7,9,3,0
2529,36,2,6,0,1,0
2530,2343,3,1,0,3,0
2531,2293,5,7,12,4,0
2532,332,5,7,13,3,0
2533,2496,2,6,18,3,0
2534,2635,4,6,16,1,0
2535,206,3,1,13,2,0
2536,2511,3,6,13,3,0
2537,1655,5,7,18,3,0
2538,698,5,7,15,3,0
2539,1458,2,5,9,4,0
2540,2295,5,7,16,3,0
2541,1380,3,1,14,2,0
2542,529,4,3,16,3,0
2543,1936,3,1,8,2,0
2544,881,2,6,18,4,0
2545,2659,2,5,15,1,0
2546,371,2,5,16,2,0
2547,2308,5,7,13,4,0
2548,1803,5,7,16,4,0
2549,403,5,7,8,3,0
2550,2479,2,5,17,2,0
2551,819,3,1,14,2,0
2552,2,5,7,8,3,0
2553,1687,2,2,14,2,0
2554,2480,1,4,11,2,0
2555,614,5,7,15,3,0
2556,1727,3,8,11,3,0
2557,650,5,7,13,4,0
2558,2033,2,5,15,2,0
2559,1986,5,7,7,3,0
2560,617,4,3,18,3,0
2561,1632,2,6,18,4,0
2562,357,4,6,6,1,0
2563,986,4,3,18,3,0
2564,89,5,8,7,3,0
2565,2181,5,8,15,1,0
2566,2011,4,6,17,1,0
2567,1637,2,5,18,1,0
2568,1402,5,7,16,3,0
2569,2568,4,3,20,1,0
2570,851,5,7,NA,3,0
2571,2117,4,3,13,3,0
2572,1119,3,1,11,1,0
2573,2537,5,7,20,4,0
2574,2071,2,5,17,4,0
2575,31,4,3,5,3,0
2576,784,5,8,5,4,0
2577,2486,2,5,17,1,0
2578,1180,2,5,20,2,0
2579,118,2,5,11,2,0
2580,949,5,7,5,4,0
2581,1896,5,7,7,2,0
2582,2197,3,8,14,1,0
2583,79,2,5,17,2,0
2584,1842,5,7,8,1,0
2585,121,4,3,14,4,0
2586,1575,5,7,14,3,0
2587,483,5,6,17,1,0
2588,1704,5,7,6,3,0
2589,1289,5,7,20,2,0
2590,2235,5,7,18,3,0
2591,2284,5,6,14,2,0
2592,2241,5,7,17,3,0
2593,223,2,5,18,2,0
2594,2262,3,1,14,2,0
2595,1053,5,7,18,4,0
2596,798,4,6,4,1,0
2597,1721,2,5,18,2,0
2598,77,2,4,13,2,0
2599,1171,5,7,18,3,0
2600,190,4,6,6,2,0
2601,592,2,6,14,4,0
2602,1209,5,7,8,3,0
2603,471,5,7,8,3,0
2604,1659,5,7,16,3,0
2605,721,5,7,6,4,0
2606,1056,3,8,3,1,0
2607,1834,2,5,15,3,0
2608,1596,4,3,9,1,0
2609,2558,3,1,7,1,1
2610,319,5,7,8,4,1
2611,1717,2,1,15,1,0
2612,678,2,5,13,2,0
2613,173,5,7,11,2,0
2614,2644,3,6,17,1,0
2615,364,5,7,8,3,0
2616,2061,2,5,14,2,0
2617,1445,5,7,14,3,0
2618,2184,2,5,15,2,0
2619,123,5,7,18,4,0
2620,1190,2,5,7,2,0
2621,2543,5,7,0,1,0
2622,910,3,8,6,1,0
2623,566,5,8,6,4,0
2624,1781,4,3,16,1,3
2625,1417,5,7,8,4,0
2626,2412,5,7,7,4,0
2627,764,2,5,17,2,0
2628,1419,2,5,16,2,0
2629,177,2,5,17,2,0
2630,460,5,7,18,3,0
2631,993,5,7,0,4,0
2632,1910,3,1,7,2,0
2633,1577,5,7,15,4,0
2634,1706,5,7,8,4,0
2635,2225,5,7,13,3,0
2636,854,5,7,10,4,0
2637,489,5,7,8,4,0
2638,890,4,3,10,1,0
2639,447,5,7,8,3,0
2640,197,4,3,16,3,0
2641,30,2,5,17,1,0
2642,2294,5,7,7,3,0
2643,1582,5,7,8,3,0
2644,2425,5,6,2,1,0
2645,782,5,7,18,4,0
2646,1432,4,6,11,2,0
2647,2374,2,5,18,1,0
2648,2563,5,7,14,2,0
2649,595,3,6,11,3,0
2650,2522,2,5,17,3,0
2651,722,5,7,8,3,0
2652,597,4,3,15,2,0
2653,2232,2,5,17,3,0
2654,1855,2,2,14,2,0
2655,1491,5,7,12,4,0
2656,2518,4,3,17,4,0
2657,1691,5,7,15,3,0
2658,1675,4,6,5,2,0
2659,119,4,3,17,4,0
2660,2628,5,7,8,4,0
2661,2115,2,5,6,2,0
2662,125,2,8,18,1,0
2663,1160,3,8,6,1,0
2664,422,5,7,5,4,0
2665,1138,3,1,12,4,0
2666,149,2,5,16,3,0
2667,38,4,3,16,2,0
2668,2168,2,5,18,1,0
2669,187,5,7,8,2,0
2670,161,4,3,14,4,0
2671,751,5,7,15,3,0
2672,2191,5,7,8,3,0
2673,2051,3,6,17,1,0
2674,358,5,7,10,3,0
2675,1996,2,5,18,2,0
2676,958,3,1,15,4,0
2677,1459,3,1,16,2,0
2678,1664,5,7,8,1,0
2679,1649,5,7,20,4,0
2680,1114,4,3,10,4,0
2681,2389,5,7,18,4,0
2682,1828,5,6,7,2,0
2683,2377,4,3,7,2,0
2684,54,5,7,18,3,0
2685,2370,3,6,11,2,0
2686,1088,4,6,6,2,0
2687,1549,2,8,15,4,0
2688,1356,3,1,4,1,0
2689,2301,5,7,8,2,0
2690,1916,5,7,18,3,0
2691,1793,5,7,13,3,0
2692,410,2,5,17,2,0
2693,2220,2,2,14,4,0
2694,318,4,3,16,2,0
2695,1617,5,7,13,4,0
2696,1882,5,8,3,4,0
2697,762,2,5,8,1,0
2698,2651,2,5,18,1,0
2699,2646,2,5,5,1,0
2700,112,4,3,17,2,0
2701,984,4,6,15,1,0
2702,1850,3,1,16,1,0
2703,2677,4,3,17,3,0
2704,2136,3,1,4,3,0
2705,2298,2,5,18,2,0
2706,814,5,7,8,3,0
2707,1267,5,7,10,4,0
2708,1471,4,6,8,1,0
2709,167,5,7,18,3,0
2710,390,2,5,18,3,0
2711,1873,3,1,15,2,0
2712,2549,5,6,16,1,0
2713,576,5,7,3,3,0
2714,1696,5,7,16,2,0
2715,93,2,5,15,1,0
2716,970,2,5,15,2,0
2717,810,3,6,17,1,0
2718,2258,2,5,13,2,0
2719,1015,5,7,8,2,0
2720,409,4,3,15,1,0
2721,1026,2,5,NA,2,0
2722,1700,2,5,NA,2,0
2723,1773,2,6,18,4,0
2724,2477,5,7,4,3,0
2725,1165,2,5,16,1,0
2726,831,5,8,13,4,0
2727,81,2,5,17,2,0
2728,2247,5,7,8,1,0
2729,935,5,7,9,3,0
2730,2676,5,7,13,2,0
2731,2504,5,7,16,4,0
2732,1839,5,7,15,3,0
2733,1149,3,6,4,4,0
2734,2203,2,6,13,4,0
2735,113,2,5,3,1,0
2736,1705,2,5,18,1,0
2737,1824,5,7,8,3,0
2738,307,2,5,18,4,0
2739,2182,2,5,15,2,0
2740,2060,5,7,14,3,0
2741,2573,1,4,7,1,0
2742,1269,5,7,11,4,0
2743,427,4,6,13,2,0
2744,2679,5,7,13,3,0
2745,140,3,1,16,1,0
2746,2664,5,7,6,4,0
2747,1297,4,3,14,2,0
2748,90,5,7,7,3,0
2749,1083,5,7,12,4,0
2750,641,5,7,13,4,0
2751,146,4,8,NA,4,0
2752,23,2,5,6,1,0
2753,799,5,7,14,4,0
2754,975,5,7,8,2,0
2755,1214,5,7,15,3,0
2756,1928,5,7,10,4,0
2757,284,3,1,14,2,0
2758,1265,2,5,0,1,0
2759,414,2,5,12,2,1
2760,1129,2,1,18,1,0
2761,1438,2,5,11,2,0
2762,412,2,5,7,4,0
2763,2140,4,3,17,2,0
2764,904,2,5,18,4,0
2765,2557,5,7,8,3,0
2766,899,3,8,6,1,0
2767,385,5,7,6,4,0
2768,92,4,3,7,3,2
2769,2544,5,7,12,3,0
2770,2355,3,8,5,3,0
2771,962,4,3,19,2,0
2772,1561,3,8,11,1,0
2773,1589,1,4,17,3,0
2774,1265,2,5,15,1,0
2775,101,2,3,13,2,0
2776,419,3,1,NA,2,0
2777,2402,5,7,13,3,0
2778,1213,2,5,16,3,0
2779,2243,5,7,8,4,0
2780,707,3,6,11,2,0
2781,1119,3,1,5,1,0
2782,441,2,5,18,1,0
2783,322,5,7,18,3,0
2784,419,3,1,7,2,0
2785,815,5,7,13,4,0
2786,1391,2,5,17,1,0
2787,948,3,1,15,2,0
2788,1914,5,8,NA,3,0
2789,509,5,7,9,3,0
2790,506,1,4,NA,1,0
2791,169,5,7,15,3,0
2792,752,5,8,9,1,0
2793,1357,2,5,17,4,0
2794,1421,4,3,16,2,0
2795,256,2,5,0,2,0
2796,544,2,5,8,4,0
2797,1783,3,8,6,4,0
2798,1349,5,7,15,3,0
2799,200,1,4,7,1,0
2800,1876,5,8,13,4,0
2801,930,1,4,7,1,0
2802,944,4,3,18,3,0
2803,1752,5,7,16,3,0
2804,2112,5,7,8,4,0
2805,2611,3,6,17,1,0
2806,1277,5,7,8,3,0
2807,638,2,5,15,1,0
2808,1377,3,8,10,2,0
2809,559,4,3,17,2,0
2810,2040,5,7,18,3,0
2811,1670,5,6,4,2,0
2812,1867,2,5,14,2,0
2813,995,3,1,15,2,0
2814,1134,3,6,17,1,0
2815,1638,2,1,15,1,0
2816,2467,5,7,8,1,0
2817,295,5,7,8,4,0
2818,297,5,7,8,4,0
2819,1895,5,7,8,4,0
2820,1901,4,6,4,2,0
2821,1922,3,6,11,2,0
2822,1167,2,5,6,4,0
2823,2180,4,3,17,1,0
2824,1713,5,7,15,4,0
2825,2188,5,7,11,4,0
2826,210,2,5,8,4,0
2827,2666,5,8,12,1,0
2828,117,5,7,16,3,0
2829,1369,5,7,13,4,0
2830,2599,4,3,6,2,0
2831,39,5,7,17,4,0
2832,2649,5,7,15,3,0
2833,1802,2,5,17,4,0
2834,2041,5,7,18,3,0
2835,1486,2,5,13,2,0
2836,968,2,5,15,1,0
2837,790,3,6,13,4,0
2838,521,2,5,18,4,0
2839,1285,5,7,19,3,0
2840,2074,5,7,18,3,0
2841,563,4,3,7,3,0
2842,1244,2,5,13,4,0
2843,1980,4,3,7,1,0
2844,1847,2,6,18,3,0
2845,433,5,7,9,3,0
2846,2291,4,3,20,1,0
2847,2088,4,3,6,2,0
2848,1058,5,7,18,2,0
2849,2406,5,7,16,4,0
2850,62,5,7,8,2,0
